id,position_x,position_y,iteration_number,time
0,0,0,0,0
0,2,0,1,1
0,2.171243914517334,-1.346087150845795,2,2
0,2.1956597127987703,-1.3396271001645428,3,3
0,10.530415723464037,-0.8254710501154613,4,4
1,0,0,0,0
1,2,0,1,1
1,1.9817245691827392,-0.09112845280270522,2,2
1,2.0240750583857894,-0.28439275975859374,3,3
1,3.2391202397868892,0.1024431717361961,4,4
1,7.784142058077917,0.2738676761068492,5,5
2,0,0,0,0
2,2,0,1,1
2,4.6645729420592685,0.038602324211201286,2,2
2,6.225288233727868,-1.4770084402737567,3,3
2,6.40792465328173,-1.190988095214641,4,4
2,6.5628789371071985,-1.3200911372654358,5,5
2,6.3303617484957835,-1.5445519627166846,6,6
2,4.859414830469621,0.958610839149552,7,7
2,4.543232008692007,1.6533745096684536,8,8
2,3.3354001836268568,2.023798618315748,9,9
2,1.698732361079003,1.7791969733600757,10,10
2,1.8170256732027628,1.4191940687437552,11,11
2,-4.635028292717695,-0.547241660499231,12,12
2,-0.6981443742191449,0.01047878175287964,13,13
2,-0.7564083996911564,0.23181139136064233,14,14
2,-0.17615314652475683,1.5363829427380684,15,15
2,0.16809784283599197,1.7086993597629763,16,16
2,1.4117578996669193,1.5440850386463045,17,17
2,1.5508309928462718,-0.4348258319547138,18,18
2,3.2558940365603544,-3.860640537798348,19,19
2,3.0915475845659057,-3.895034176269622,20,20
2,2.597522740362021,-11.452607727523434,21,21
2,2.7168525132697403,-11.612235264340473,22,22
2,1.2539757593753849,-13.68062574114889,23,23
2,-1.5876533052647939,-17.787521545907207,24,24
2,-5.00768785269578,-19.704780525756867,25,25
2,-0.302661359163534,-19.899757706401573,26,26
2,-1.7014429877150352,-19.148977183276212,27,27
2,-1.9470308201186155,-18.784951980542584,28,28
2,-0.5807901525099453,-20.401699249289656,29,29
2,-3.1721331637278443,-20.326943788074253,30,30
2,-2.995787342728947,-19.458854633493488,31,31
2,0.09587397062639602,-18.435078977193665,32,32
2,-3.788002911040703,-16.156421944871422,33,33
2,0.002733530500954847,-16.14017412593863,34,34
2,0.4769909038230906,-11.687727645546026,35,35
2,0.31226864763804973,-11.72937819531827,36,36
2,-1.8170217232978483,-12.485909796761291,37,37
2,-0.6634477378015219,-10.723637941708938,38,38
2,-7.948317524338256,-16.51540202974804,39,39
2,1.1959852249802272,-18.49020835956868,40,40
2,1.5060784298962453,-19.048252326940037,41,41
2,15.790802377816824,-21.162732139685307,42,42
3,0,0,0,0
3,2,0,1,1
3,1.7730088115344373,1.958833110276076,2,2
4,0,0,0,0
4,2,0,1,1
4,2.7429015461264115,0.37364055211182456,2,2
5,0,0,0,0
5,2,0,1,1
5,1.9450591971910713,-0.23369085554758265,2,2
5,2.5790494824133914,-1.3040037945387388,3,3
5,5.345330447410257,-1.6372910345469562,4,4
5,11.81766336382982,-1.2720318475091255,5,5
6,0,0,0,0
6,2,0,1,1
6,0.8323849343861425,-3.2664104226361244,2,2
6,0.6185963879293381,-4.817039853781661,3,3
6,-3.241302520341474,-5.9034624619052645,4,4
6,-1.2939497378925553,-7.155636503093929,5,5
6,-3.6454973011083336,-9.370391036545533,6,6
6,-0.6996507292872658,-11.353841559021049,7,7
6,3.236286838126318,-11.148530370111606,8,8
6,3.4501841776072495,-11.40462108266187,9,9
6,9.371795281470758,-3.7595111842708056,10,10
7,0,0,0,0
7,2,0,1,1
7,3.711400785624674,-1.1925580344618565,2,2
7,-1.5010702635700968,-8.882669193648137,3,3
7,0.4391191722576714,-9.803715349660992,4,4
7,-0.27038840186126534,-10.642709960540369,5,5
7,-1.2335403745039129,-9.106849081957622,6,6
7,1.746895288200209,-8.831105589130155,7,7
7,2.7937819716087597,-7.04958120401241,8,8
7,2.9351637886832824,-6.162941832740924,9,9
7,5.761482361918214,-7.021643070616963,10,10
7,6.43300714900597,-7.835110038702546,11,11
7,7.935702478545019,-7.3696607139559305,12,12
8,0,0,0,0
8,2,0,1,1
8,2.02662199258716,0.03497167788338632,2,2
8,0.092182316333143,2.399236897719685,3,3
8,-1.9734681949013857,0.1848728961035393,4,4
8,0.7568803209842785,-1.5558326692619393,5,5
8,2.3563646515883097,-2.7822733383416685,6,6
9,0,0,0,0
9,2,0,1,1
9,1.9874656878448762,0.13334434229736283,2,2
9,1.1459422807036144,0.9482678470341281,3,3
9,1.3082296968775338,1.378885139475826,4,4
9,1.260806297109537,1.5308638271080928,5,5
9,1.639003960426683,1.502028683690088,6,6
9,2.4966322545690733,0.5522063406120428,7,7
9,2.320785073536977,-0.2984227601432391,8,8
9,0.4184182117802875,-2.9753129832790677,9,9
9,0.38429728939205454,-3.0675538221826413,10,10
9,-1.1344327890549408,-2.8188522340768594,11,11
9,0.025754916950389905,-2.9149708926804316,12,12
9,1.6553900477015515,-2.6311401736193822,13,13
9,2.248518610702304,-2.467988075999325,14,14
9,2.8194814377365924,-1.3593952437236971,15,15
9,3.4071953137245474,3.104734846917448,16,16
9,3.9504912995556136,8.002336007320459,17,17
9,3.9173346814776786,8.002700598071106,18,18
9,3.711950979210652,7.6870408411184945,19,19
9,3.3048389413714903,7.132622177206061,20,20
9,2.423144633539991,5.927056925067653,21,21
9,-2.8413619570704274,10.217624584109807,22,22
9,-0.42928417440894556,9.984154099838246,23,23
9,-0.0016277024408789633,10.004166064141994,24,24
9,0.32751247168901715,9.919404592254425,25,25
9,1.2987492184958347,9.062842905482194,26,26
9,2.324169564318159,8.977276624283176,27,27
9,1.6978734082321911,10.500556697390588,28,28
9,0.4416859274920959,11.217654655179071,29,29
9,-1.5338574342932576,12.103841811955272,30,30
9,1.1450796259265,19.747495853183747,31,31
9,1.163323104204967,19.75311873793473,32,32
9,3.0980608890673214,19.503900121296383,33,33
9,3.0968534827050336,20.368640668297658,34,34
9,3.720708847280598,20.64757399858528,35,35
9,4.194890768096656,17.463344510713338,36,36
9,3.983526802761551,17.514361703090323,37,37
9,2.8869202020850104,18.67358532541468,38,38
9,1.9187114555582392,18.730429228978718,39,39
9,2.0209836520167044,19.159722975443163,40,40
9,0.004287752631681574,21.774677487101876,41,41
9,2.038889169422743,22.468104918402194,42,42
9,2.0085678305746884,24.076511385575976,43,43
9,-0.5431688752755655,23.616921689941165,44,44
9,-0.016465738751180316,23.720882272921674,45,45
9,0.08629308028780086,24.857925958131542,46,46
9,0.02215930751737452,24.92314340651052,47,47
9,3.3310085496690323,26.90894334850114,48,48
9,3.4668118944010864,27.005489439314708,49,49
9,1.389544324900779,28.227140961266368,50,50
9,5.435700127469752,31.285004920629486,51,51
9,8.873948403032808,30.495014278945145,52,52
10,0,0,0,0
10,2,0,1,1
10,3.47154121527565,0.9465271155782445,2,2
10,3.942703407094708,0.9145717268391127,3,3
10,4.1576749651901626,1.0815011162837993,4,4
10,4.631547604485094,-0.270909995216259,5,5
10,6.7162106116325155,-1.7921873219061906,6,6
10,7.760511509853547,-2.8938054746521287,7,7
11,0,0,0,0
11,2,0,1,1
11,2.0564225073883855,-1.4620670426044202,2,2
11,6.295822704547099,-6.8746086114851686,3,3
11,8.393253164803955,-3.0196484878207865,4,4
12,0,0,0,0
12,2,0,1,1
12,3.6732838343927607,-1.0561718251699126,2,2
12,2.7566004616295072,-2.0810663285516435,3,3
12,1.573350290599006,-2.0213325049608657,4,4
12,1.7457623920121312,0.04049949334420244,5,5
12,3.9748737926870223,5.322688317357366,6,6
12,4.051603799526769,5.295078941855541,7,7
12,5.2055975827872984,4.6796799262848925,8,8
12,5.403107474195214,6.148215249922149,9,9
12,3.923235293184721,12.589010502337544,10,10
12,9.697803624992728,12.171031970835474,11,11
13,0,0,0,0
13,2,0,1,1
13,1.7970127896182528,1.3565994375284494,2,2
14,0,0,0,0
14,2,0,1,1
14,10.839022356306575,1.7261382050516991,2,2
15,0,0,0,0
15,2,0,1,1
15,2.183619878570334,0.337202656202003,2,2
15,0.10157491312248901,0.6569160784237067,3,3
15,-0.7782798933390112,2.096653957016464,4,4
15,-0.7035860707144752,2.920156319507459,5,5
15,-0.4747539035433729,3.625866193968127,6,6
15,-3.1056836567836057,5.9063832196298875,7,7
15,-0.8557955157193201,1.4954771803885913,8,8
15,-0.158813671109746,1.3911957709654417,9,9
15,-2.024783607568831,-0.7582038815388004,10,10
15,-0.0938183150558238,-0.5912265304367255,11,11
15,-2.904249510669715,-0.9036521253817253,12,12
15,0.07085624450784529,-2.9327094897845107,13,13
15,-0.11548758362352406,-5.371154300445907,14,14
15,1.7639447097550407,-4.626760377078404,15,15
15,3.572340253221449,-6.053408308176282,16,16
15,5.349998986826498,-3.716515029873682,17,17
15,5.334185412418102,-3.2913349167474464,18,18
15,6.581702970427788,-1.4549792334465987,19,19
15,6.208722455675828,-1.3653656819674054,20,20
15,4.666663658208695,1.9340696990205495,21,21
15,6.252755720211249,1.8490029116635134,22,22
15,7.5433608865707225,1.6360388312065437,23,23
16,0,0,0,0
16,2,0,1,1
16,1.6279118802953154,1.0923766813853844,2,2
16,-1.0680690154021373,0.6822410885404344,3,3
16,6.994377281715877,-10.296732051487215,4,4
16,11.244680851829088,-15.423525859292527,5,5
17,0,0,0,0
17,2,0,1,1
17,2.0416732827735173,-0.011635389615653387,2,2
17,5.71381480607157,-1.1042550453331053,3,3
17,4.1670476155507785,-3.4842484450931286,4,4
17,-0.24243432596562542,-0.6097433307339926,5,5
17,-2.3086045437672924,2.9034348186975474,6,6
17,-0.13790954884560044,4.002816019435478,7,7
17,0.6546490941028061,4.408873854137725,8,8
17,0.38968876313192863,5.462168905471734,9,9
17,-1.5970973325628461,5.688534587849971,10,10
17,1.1121065162311197,7.504750240567706,11,11
17,-0.15536456340947957,8.365152887010677,12,12
17,-0.11701720408202654,7.7167467674522605,13,13
17,1.9039046836603888,7.698802357234455,14,14
17,2.2603953002935353,-0.0034018611529385012,15,15
18,0,0,0,0
18,2,0,1,1
18,2.5060290828806218,-1.5789359680309216,2,2
18,2.6732778526187015,-1.502504694165296,3,3
18,2.868663195430102,-1.1298765277679539,4,4
18,2.4127306762885263,-1.0916709396165245,5,5
18,3.0068027912391058,1.8652510752185838,6,6
18,3.548492459172198,2.5949028491069597,7,7
18,2.620632583152289,4.012821363049083,8,8
18,2.9122021690889994,7.908761071176592,9,9
18,0.9752169850826296,7.40421422264799,10,10
18,0.8309423278799767,7.914750196551938,11,11
18,0.11318579399366235,8.768019856270593,12,12
18,1.3409936181195379,12.143226918476861,13,13
18,2.595959101274632,13.077968088907193,14,14
18,1.5189212203281928,14.290638682936796,15,15
18,1.5296665817094999,14.294395339890466,16,16
19,0,0,0,0
19,2,0,1,1
19,4.236496143589319,3.2712169258525643,2,2
19,4.306970613548438,3.18681072951714,3,3
19,8.933746502367859,4.933278238611004,4,4
20,0,0,0,0
20,2,0,1,1
20,3.4015592777990937,-4.426314549363811,2,2
20,12.789781594437517,-4.501689648410078,3,3
21,0,0,0,0
21,2,0,1,1
21,2.230833345016808,-0.018126441240002233,2,2
21,4.617288242633512,-0.7751545270730589,3,3
21,4.2768041305391264,-1.4970841443262333,4,4
21,4.323115772293597,-1.950651494440857,5,5
21,1.7624266539328697,-1.067935576489401,6,6
21,2.0810888945793313,-0.24381658335362255,7,7
21,3.1212398350193618,-0.28904866891148046,8,8
21,3.8498837599022955,-0.04213278881462057,9,9
21,4.2008894480179935,-0.3887550932941986,10,10
21,5.3189037843263804,-1.7988324899800596,11,11
21,5.227526845426357,-2.3207849950926445,12,12
21,3.199331964070932,-2.855142685633432,13,13
21,4.907952366520211,-7.175030214479975,14,14
21,4.318527902234455,-7.601859169197555,15,15
21,4.1880724553844635,-7.512132561107813,16,16
21,2.5581003251377843,-8.391985143425831,17,17
21,2.5925019092266295,-4.6015784922342045,18,18
21,1.9953033252915247,-3.3007843176343767,19,19
21,1.7901482115315566,-3.410511074600614,20,20
21,0.9305660426050703,-3.4570643807934007,21,21
21,0.454366475711816,-1.7820245711866707,22,22
21,5.127518041598312,-2.181011807213375,23,23
21,5.904775234891776,-1.1424086389198853,24,24
21,5.041447167400241,1.170358069062514,25,25
21,5.171912095570611,1.2788260890817802,26,26
21,5.865994564003335,1.6774577682776257,27,27
21,6.647745238420987,1.2494617756696889,28,28
21,9.721024718228856,1.1260261208248679,29,29
22,0,0,0,0
22,2,0,1,1
22,3.946258113648545,-1.0704068443170225,2,2
22,4.94438372147074,-1.5141749273115368,3,3
22,4.111404759644181,-2.1540353896470497,4,4
22,3.974926519770392,-2.363392586865878,5,5
22,4.069673910425239,-2.5901157815055544,6,6
22,5.765911055907378,-2.858469885023617,7,7
22,5.917575428868904,-3.75994702953463,8,8
22,4.807091222595345,-3.4980535505968184,9,9
22,4.711445549032036,-3.5864365490770824,10,10
22,3.761121765092061,-6.43325828546552,11,11
22,3.710892891831611,-8.04953722867911,12,12
22,3.215600539024266,-8.039940652684995,13,13
22,2.9672293108976056,-7.399269765051516,14,14
22,3.9675761436538095,-5.947558850929229,15,15
22,4.936472037287148,-5.4697522726834364,16,16
22,5.6156807156093365,-6.9403685623296845,17,17
22,14.031926609795924,-13.048398796764147,18,18
23,0,0,0,0
23,2,0,1,1
23,2.008146571654506,-0.07572899635639736,2,2
24,0,0,0,0
24,2,0,1,1
24,2.0003912826707824,-0.04311198094832576,2,2
24,3.1773275430470784,-0.7043883525510044,3,3
24,1.9775117398478241,-1.4708177053177807,4,4
24,2.211908109345765,-1.6308319894360543,5,5
24,2.2776062636710646,-1.5192095758240498,6,6
24,2.013756928978521,-1.5039499149447006,7,7
24,0.13523965236936197,0.10670292543354343,8,8
24,-0.1729938583301454,-0.6658904710904539,9,9
24,0.04629668929467492,-0.6943389796488949,10,10
24,2.4422195885402824,-1.3081703987138296,11,11
24,4.83955234997145,0.20092633494231427,12,12
24,5.3450347723351515,-1.7341114500826147,13,13
24,5.920666084020231,-1.625656914419602,14,14
24,6.025815219483439,-2.4374790157943993,15,15
24,6.211668804063114,-2.8519890661859826,16,16
24,5.924323240471384,-3.5997695567152452,17,17
24,3.536585152598718,-4.158489636473146,18,18
24,3.9456157717231415,-6.8694785539946785,19,19
24,4.4699310421002325,-7.831540268907734,20,20
24,4.6349377503538705,-9.279785560377833,21,21
24,8.045638082761561,-11.341313178653168,22,22
25,0,0,0,0
25,2,0,1,1
25,2.5280222036839,0.3504187385173361,2,2
25,2.726710737359127,-1.3333273374536139,3,3
25,3.8178496881986472,-2.316828252747814,4,4
25,6.042782578513885,-4.30754580296386,5,5
25,7.501258066805301,-6.01399465978991,6,6
26,0,0,0,0
26,2,0,1,1
26,1.7747238887480397,2.934419688225662,2,2
27,0,0,0,0
27,2,0,1,1
27,1.3820370929454633,-1.19728119864333,2,2
27,1.2758486501423156,-1.2030879239395622,3,3
27,0.38450876968988457,-1.7441791157600521,4,4
27,0.22171488789250868,-1.6547933903389311,5,5
27,1.499061433474454,-0.7560596587033461,6,6
27,1.7951923522223252,-1.0764122817778872,7,7
27,1.9573587422883714,-1.3218841310573455,8,8
27,2.110681567875102,-4.143788195091771,9,9
27,-0.6604671095647294,-4.943639161266582,10,10
27,-1.1811247152021398,-2.2644045763534675,11,11
27,-0.6269544384800514,-2.5909154889217705,12,12
27,0.5670100572742626,-4.0193761390261065,13,13
27,2.737432299464722,-5.831557753015727,14,14
27,3.5065080468866316,-3.698872047992858,15,15
27,0.29966606219753666,-4.050078364569954,16,16
27,-1.2042822506090929,-5.320563352254635,17,17
27,-3.6612185976490728,-0.699598544231165,18,18
27,-0.8228322959561735,-2.137508358324382,19,19
27,-2.4096604543600932,-4.844904726392299,20,20
27,-0.1551337936967873,-5.359381611332858,21,21
27,-1.6533110380520821,-4.96794602914246,22,22
27,-0.0799440583275223,-5.210241817460642,23,23
27,-0.5431967313509081,-5.3542678210533685,24,24
27,-0.7955205310887818,-6.250914376286697,25,25
27,-0.4132849628590781,-6.714449381077496,26,26
27,0.8682224172056227,-7.261833304844411,27,27
27,1.0261671473506797,-7.114341174869524,28,28
27,4.274653986863451,-1.033020725406792,29,29
27,3.822224615042898,-1.0394962009056046,30,30
27,3.7593788279727445,0.15171675370031923,31,31
27,1.8970747293023251,1.1658133100870134,32,32
27,1.5179681359577475,0.012754055804607978,33,33
27,2.749699973586883,-2.4130230246239286,34,34
27,1.9326079275284884,-3.0447713525447755,35,35
27,1.7984368789174057,-2.7128531546858143,36,36
27,-1.1709375503292567,1.0094821094544493,37,37
27,-0.4936507538199239,1.8204381199860653,38,38
27,-0.661320801937596,2.2419082211589303,39,39
27,-6.399907631465138,-3.392433498645824,40,40
27,-0.6080179771418873,-3.1417024166323433,41,41
27,-6.7674769353899125,0.1560928796578076,42,42
27,-1.279400110109175,-0.6627470161104465,43,43
27,-0.15503596494312458,2.6742919386322406,44,44
27,-1.9390363890158004,3.1344477717473787,45,45
27,-3.338949028141994,4.725614327297476,46,46
27,-0.12030009834563289,4.629408017717237,47,47
27,-4.181941931103146,4.979105469751092,48,48
27,4.985303330338632,13.123950665053385,49,49
27,3.5674895062584717,14.33060481008396,50,50
27,1.3162077585061622,12.237852373192231,51,51
27,0.8948060049172631,11.992885992819636,52,52
27,-0.60544765575892,11.54564095191978,53,53
27,-5.361879382862432,12.279173702541616,54,54
27,0.44940565549257844,12.961510291587166,55,55
27,0.541801882553373,12.79625444330765,56,56
27,0.38488094969339554,12.299169924033404,57,57
27,1.968902652243319,12.42355696314194,58,58
27,2.1720689319933077,11.083346786231319,59,59
27,3.0694334525051437,9.706792391393638,60,60
27,3.000798261496111,3.7487123416783996,61,61
27,6.140295277475124,-0.7084112254438413,62,62
27,6.092350408433732,-0.72756839433737,63,63
27,6.078219915037319,-0.7736146392557182,64,64
27,5.583959128753836,-1.565519599780603,65,65
27,5.476181466050333,-1.4378464209606947,66,66
27,6.5029072147090545,-1.2062754746227369,67,67
27,7.413985384192079,-1.5269380232562775,68,68
28,0,0,0,0
28,2,0,1,1
28,3.285725606539483,2.1628282393632814,2,2
28,3.7122439434707393,1.7197649074911656,3,3
28,6.780372695329866,-1.5212892709043657,4,4
28,8.020942259194175,-1.298969582571462,5,5
29,0,0,0,0
29,2,0,1,1
29,3.1867715167566253,-0.7281095354958914,2,2
29,4.2260927007720515,-1.0983995707312086,3,3
29,4.5755342004736015,-1.0424906629275201,4,4
29,4.6369766915001795,-1.042286911164537,5,5
29,6.561755812882345,-4.504697437235818,6,6
29,2.770244364618716,-6.952845368768855,7,7
29,2.335420836781881,-8.117692681043167,8,8
29,-2.8844966911832124,-9.659939574333443,9,9
29,0.29421925457256093,-7.716799236238956,10,10
29,1.0202169810509876,-2.950128969837153,11,11
29,3.527927828853271,0.12134340594544879,12,12
29,3.816077786227798,0.08069270407408022,13,13
29,3.864517983117582,-0.7884453786699885,14,14
29,10.498782643512552,-4.826900865913915,15,15
30,0,0,0,0
30,2,0,1,1
30,2.151756658539216,-9.879923103220186,2,2
30,2.690262060799756,-9.967527800045222,3,3
30,5.552470560421022,-9.529548353587534,4,4
30,6.23494194526341,-9.403059758927744,5,5
30,7.042196129928346,-9.827776731303418,6,6
31,0,0,0,0
31,2,0,1,1
31,3.025226977225806,0.5838309141044976,2,2
31,3.463490238022455,1.2167634427420495,3,3
31,2.033615725453501,1.3486538038718248,4,4
31,1.3268405050230498,2.6449712588248318,5,5
31,0.6918051575828369,2.3718759166610615,6,6
31,0.6174074942583044,2.58127130455351,7,7
31,5.3284982340407145,3.5560338228557957,8,8
31,6.93121355072082,4.3804249577514645,9,9
31,6.006637750850516,8.928923530334547,10,10
31,5.088729040527612,8.14992931816366,11,11
31,5.127721602794987,8.105341388508451,12,12
31,5.063841548328313,7.954556819666108,13,13
32,0,0,0,0
32,2,0,1,1
32,3.2101386704053203,0.22101056432479163,2,2
32,3.428562429498256,0.954633753416718,3,3
32,4.485092713032341,4.154906126833699,4,4
32,10.576043909907678,5.459581031393188,5,5
33,0,0,0,0
33,2,0,1,1
33,4.840384313130686,-0.3709181072685974,2,2
33,4.839680443682326,-0.3847648654604794,3,3
33,4.951418084768995,-0.37965180402612214,4,4
33,6.0861914782562,-2.0902126985419534,5,5
33,6.812341303113161,-0.6705805907113049,6,6
33,6.691243441714302,-0.4606637552714825,7,7
34,0,0,0,0
34,2,0,1,1
34,2.050194680021562,-0.298351919649317,2,2
34,2.8043647440859463,-0.7873674696924813,3,3
34,2.741011028936047,-1.1667678623515554,4,4
34,7.114870035635322,-1.2156263684531612,5,5
35,0,0,0,0
35,2,0,1,1
35,2.5441874186827023,-0.7362329847626219,2,2
35,3.712680474495005,0.18724968758281446,3,3
35,5.840544660614677,-5.165274695832373,4,4
35,4.320626012652096,-5.0563255724532485,5,5
35,-3.293400070143499,-5.2424083617812265,6,6
35,-1.1214282412176475,-1.4589550540468221,7,7
35,1.4719798583353827,-0.01849209012248121,8,8
35,-1.5319753120503419,2.5416924578807265,9,9
35,-0.4947073009722446,2.352287278667003,10,10
35,2.804856961922637,-6.675264547863151,11,11
35,4.46134246081611,-6.746140009541605,12,12
35,3.9455201415099133,-8.827365650283237,13,13
35,2.75009940412882,-9.354359809710962,14,14
35,2.487663148650638,-9.592155601858122,15,15
35,0.6167742835946091,-10.223961119676922,16,16
35,0.5208006061421077,-9.96325272478299,17,17
35,-0.7313585087708935,-10.39587293655288,18,18
35,-0.9199716159899237,-8.459289599749653,19,19
35,-0.20610052408237953,-8.448812933646133,20,20
35,-0.19581775119714162,-8.739343394638816,21,21
35,2.057306804603218,-11.408882567881044,22,22
36,0,0,0,0
36,2,0,1,1
36,3.570759893726722,-0.4288274075846338,2,2
36,3.490502343374634,0.8648438740185443,3,3
36,3.2653093821534926,1.5057417116059972,4,4
36,3.222632789713603,1.9070652437725741,5,5
36,-0.9137350192893177,2.78476837597912,6,6
36,-0.11452694814178507,3.710833762863511,7,7
36,-5.187612773662496e-05,3.710801044121645,8,8
36,-1.6388804515334445,4.443907698074039,9,9
36,-0.1249243850766011,3.3319337445987394,10,10
36,-0.5288709503094956,3.688258944649962,11,11
36,-2.0665934650065934,10.580944196456652,12,12
36,-0.5625352809896744,11.227383098300885,13,13
36,-0.41489028769036734,11.111543648568462,14,14
36,-1.111161269757293,10.770130338732598,15,15
36,0.2620637922407254,12.488742740205321,16,16
36,-2.3091944149140105,12.804909094788492,17,17
36,-0.5319291034453184,14.451793296347693,18,18
36,-2.7606758077139752,14.210265459502448,19,19
36,-0.9162437432949714,14.351452567112485,20,20
36,-0.8378780530809058,13.250783588937024,21,21
36,0.024300350649278362,13.104787869176109,22,22
36,-2.9917876401522783,12.971520356874889,23,23
36,0.1310413731561498,12.55079494558885,24,24
36,0.9333663727078337,12.21862509532985,25,25
36,2.5344339644821727,17.355903148703867,26,26
36,4.161654830111449,19.56462559123268,27,27
36,4.584707253482532,19.678615486229916,28,28
36,4.8309509108841935,19.838894852284156,29,29
36,5.58701422733672,14.693992506223704,30,30
36,3.6879208200473963,12.654611549141471,31,31
36,5.841414958291839,10.574279949165568,32,32
37,0,0,0,0
37,2,0,1,1
37,9.818441634268105,2.7119635969656635,2,2
38,0,0,0,0
38,2,0,1,1
38,4.6876386450304,-0.9968549242304161,2,2
38,4.756208522098382,0.6883805280503679,3,3
38,4.994504712981008,0.9260121978474865,4,4
38,2.1412761323563814,3.7593906944965063,5,5
38,2.2029547385915795,4.337486820507672,6,6
38,3.6207775891376,4.449071898820589,7,7
38,3.668896451017217,4.1473069454054325,8,8
38,4.5073639511391725,4.5094494657651,9,9
38,4.6759948955017965,4.81217076165019,10,10
38,5.747526629710334,4.729156490893545,11,11
38,7.198927458304581,7.806566588600305,12,12
39,0,0,0,0
39,2,0,1,1
39,1.4829591278300192,11.430146312861538,2,2
39,1.6819830060440557,11.529289231043046,3,3
40,0,0,0,0
40,2,0,1,1
40,3.130921287880312,0.4343464917501115,2,2
40,3.434193034986441,0.6932735054869461,3,3
40,3.4125113549959196,1.1689092780953876,4,4
40,1.7635849329278763,0.5418821627665389,5,5
41,0,0,0,0
41,2,0,1,1
41,2.2415134489254838,-0.27510260153365074,2,2
41,3.8019103382216244,1.587144751711163,3,3
41,4.17383368466758,1.9252131505956216,4,4
41,-0.3768261331356486,5.250916413173981,5,5
41,-3.549502797060353,4.892874477940847,6,6
41,-1.151054414004953,6.533092129666615,7,7
41,-2.153632136059343,6.768572827570836,8,8
41,-0.2491478713511775,6.828341950420265,9,9
41,-3.935791541117081,4.691381500581999,10,10
41,-0.1753728585829465,4.788032837913521,11,11
41,-2.932264478892921,0.7028429506591465,12,12
41,-1.901175363860516,0.33776654490148383,13,13
41,-1.582611143940835,-0.19730211815539744,14,14
41,-1.7779761470519204,0.5446190042938307,15,15
41,-0.47855680682920987,0.12107878243807751,16,16
41,0.520370472107226,-1.239498731755232,17,17
41,0.543518499823996,-1.3131389134412919,18,18
41,0.4460216153342948,-2.091460157018813,19,19
41,0.17861805774937473,-4.3373076249804985,20,20
41,7.099641894218641,-14.090547295706079,21,21
42,0,0,0,0
42,2,0,1,1
42,5.519979241804206,2.706836244308237,2,2
42,5.524901183849889,2.832108034601968,3,3
42,6.574601474747617,3.3876611830735244,4,4
42,6.094983102936602,6.10771213547998,5,5
42,6.744912461088437,8.001684759766256,6,6
42,6.564715228532428,8.285739734455897,7,7
42,6.687890037887942,8.337315400414646,8,8
42,6.892869727888549,8.209577822145489,9,9
42,8.297858638038335,7.770896251268812,10,10
43,0,0,0,0
43,2,0,1,1
43,3.2574584960715995,-0.0035114956819748827,2,2
43,3.407394483965315,1.2464665395631502,3,3
43,4.11625102281363,5.17432416771206,4,4
43,4.142838872979679,6.169755206210015,5,5
43,3.0750550664752865,6.792718088655391,6,6
43,1.013082235218377,5.215650492634792,7,7
44,0,0,0,0
44,2,0,1,1
44,3.7671186975836424,4.584359115106982,2,2
44,2.7737804402327493,4.8311056205298675,3,3
44,1.5377675923492486,5.609464451492639,4,4
44,1.1005465528087963,6.507491085865118,5,5
44,0.4582138277990411,5.692110651490328,6,6
44,0.044512098019128754,6.546371279727569,7,7
44,-0.8687281974462913,7.254753065584991,8,8
44,0.8122050303215952,7.929058673367794,9,9
44,4.110537842136411,7.570162593113938,10,10
44,4.070784002483426,7.43931729976541,11,11
44,0.22427845133399238,7.368146942040688,12,12
44,0.1923611402659773,6.648647304300874,13,13
44,0.6596936921588323,6.318980453466962,14,14
44,2.39015132782605,7.081481773918662,15,15
44,10.430580203796856,10.113293590012171,16,16
45,0,0,0,0
45,2,0,1,1
45,2.9637848566960794,0.9924670627655272,2,2
45,1.0754408365923933,2.0769977660595114,3,3
45,3.813062483975565,5.31768262073698,4,4
45,5.803516546690935,5.90124085308609,5,5
45,7.473344294128792,7.205383997930216,6,6
46,0,0,0,0
46,2,0,1,1
46,2.982684295408156,0.4893060472293551,2,2
46,3.574382389740509,1.5523777053111254,3,3
46,2.8608734126918223,2.916614516979315,4,4
46,1.0662121434635865,2.686713106148706,5,5
46,1.7521723198113566,1.5033697058002793,6,6
46,2.0421084512551113,0.10332108325703726,7,7
46,3.252834785753552,0.898619634950457,8,8
46,4.304277055381349,2.050499526748853,9,9
46,2.729749347425843,3.0737913558257888,10,10
46,1.0559589685812742,2.3677871645976314,11,11
46,-1.2793588927998214,-0.19689461569279532,12,12
46,-2.330814015159088,-0.4418730403026142,13,13
46,-0.12470620592893907,-0.39113365608010625,14,14
46,-1.0706197210409916,-0.4500534243972863,15,15
46,1.0100824969517548,-3.6036544842491107,16,16
46,0.9948078031981461,-6.034665508023263,17,17
46,0.4785702275475996,-6.045208726677625,18,18
46,0.3735755016692247,-5.856957214602298,19,19
46,1.1340263901490735,-4.249663283400978,20,20
46,2.954043584425169,-4.965486523860825,21,21
46,5.672168532694998,-5.373168128247819,22,22
46,5.365107072369967,-5.935657723354314,23,23
46,3.3863773775826957,-6.258623385020128,24,24
46,3.4143097531054623,-6.401391538652492,25,25
46,4.867666895870501,-6.259400802038843,26,26
46,5.1718046421176,-6.838697843593517,27,27
46,3.0410739977174113,-9.36186306156317,28,28
46,2.5352696786330147,-8.255049766212371,29,29
46,1.0533400797211434,-7.264107648574096,30,30
46,1.5000052682237108,-6.511837734522178,31,31
46,1.9614306578986849,-6.275002628156555,32,32
46,3.7519909088025525,-7.227461302171954,33,33
46,6.578450855102014,-4.853256762077236,34,34
46,3.9423873246978114,-1.2076606352614427,35,35
46,4.121457317622155,-0.7703908688037464,36,36
46,4.076777057409443,7.229495755893667,37,37
46,4.202584997950552,7.406002276225063,38,38
46,3.2745409073916574,10.010814156742532,39,39
46,0.05434774350167171,6.8063194979238695,40,40
46,-1.6842031799533437,8.809115755587124,41,41
46,1.4826203139286078,9.552204127087702,42,42
46,1.7076877272360709,9.916761627820478,43,43
46,0.7965555594779028,10.104453189604664,44,44
46,-3.608814220856414,10.147511956883124,45,45
46,-4.663204573908951,8.718266654683587,46,46
46,-1.6693727343011684,8.293679628977305,47,47
46,-1.7799020643304992,12.844804468466819,48,48
46,-1.194026013954627,12.304175044587279,49,49
46,-1.5113739143804614,12.45449740989094,50,50
46,0.5412975801036821,14.688541061682015,51,51
46,2.2592029533644693,15.154641754670708,52,52
46,1.7827769847007087,17.504747028311886,53,53
46,5.520093018056808,22.484194426286127,54,54
47,0,0,0,0
47,2,0,1,1
47,6.48334158753135,6.3602540855081,2,2
47,7.999780350495177,5.125678834058433,3,3
48,0,0,0,0
48,2,0,1,1
48,1.953726082091493,0.08776629493653346,2,2
48,-1.3980272908323064,1.228796216445674,3,3
48,-0.3666090080677308,1.0209562758313657,4,4
48,-2.959869354214992,3.3201777577053564,5,5
48,-1.342374081330675,3.051701296100715,6,6
48,-1.7731832015383757,0.40894275608610586,7,7
48,-1.2796228808328558,-0.04545257410673326,8,8
48,-0.9066344651375225,-1.5255253354806813,9,9
48,-1.7024235063139697,-0.3094043388763801,10,10
48,-1.1974898206598974,-3.685392541955485,11,11
48,-0.23488148659780222,-3.8542963670259383,12,12
48,0.06968468562709879,-5.073960722645497,13,13
48,-3.589846926733225,-10.776456040473803,14,14
48,-0.1613848867687708,-10.968446553737815,15,15
48,0.24134249182909331,-11.408173813881591,16,16
48,5.475545596622418,-13.639670970603703,17,17
48,10.622475247624777,-15.080593652856319,18,18
49,0,0,0,0
49,2,0,1,1
49,2.427875026259689,-0.38906338456876755,2,2
49,3.9635561261855647,-0.04016519886112607,3,3
49,5.374549312303509,-3.5098095952161734,4,4
49,7.120545047506184,-2.7499042383751755,5,5
50,0,0,0,0
50,2,0,1,1
50,5.028781641178616,1.3745537337710583,2,2
50,5.394919756471391,0.6648702473919471,3,3
50,6.5835336439015455,1.700668756537715,4,4
50,7.319723771779344,0.5370306313684998,5,5
51,0,0,0,0
51,2,0,1,1
51,1.2828171549126997,3.3340012410713924,2,2
51,2.218684636843016,3.2476776517798807,3,3
51,1.4390735782837316,1.3636702353501586,4,4
51,9.069124528096108,-1.0567244979061285,5,5
52,0,0,0,0
52,2,0,1,1
52,1.8061820939666013,-1.5876827712467176,2,2
52,-2.3326517828427242,-1.8415497683132835,3,3
52,-1.4068449982342888,-2.338910869734344,4,4
52,-0.5852672303149811,2.5839026880791445,5,5
52,-6.493997222819127,11.920584084829231,6,6
52,-0.09157804361369434,12.288430517687242,7,7
52,-1.6438270204587357,11.729146285505319,8,8
52,-0.0586452659046578,11.65438008318577,9,9
52,-1.4067838509491164,13.69134671949666,10,10
52,-1.5079776816892103,12.573464114622865,11,11
52,-1.0237789281302574,13.087252352883109,12,12
52,-0.17504413319781595,14.544399828912109,13,13
52,-0.20695210063254604,14.417926945787837,14,14
52,-2.956676490040316,15.611901557502284,15,15
52,-0.8615732727283143,12.897522291088062,16,16
52,0.7033636711481797,12.569837282983904,17,17
52,2.2061379174899605,11.284077095569709,18,18
52,3.4446711759047077,15.327563418736329,19,19
52,3.6608012011581446,15.116798199730813,20,20
52,4.699606656855913,16.262842898804518,21,21
52,5.6603023530088485,15.96380343936829,22,22
52,5.729596238987504,15.638359976763693,23,23
52,5.4428731071226135,15.61019600328123,24,24
52,1.8508320968454912,15.57759477807318,25,25
52,-2.9962812478077643,8.876647051874912,26,26
52,-1.3095497093922988,6.883048149777032,27,27
52,0.16448060533777809,6.644174227047165,28,28
52,0.9080820491296561,7.263060257470492,29,29
52,1.8319933373933848,7.809895263047034,30,30
53,0,0,0,0
53,2,0,1,1
53,0.6439827855663249,-5.168830185304082,2,2
53,4.068207107021163,-4.390236993407323,3,3
53,4.319389206860997,-5.51580651464304,4,4
53,4.42845578463977,-5.679654523616121,5,5
53,4.89661576646627,-5.021132869699483,6,6
53,3.3910596680262017,-3.768975080084937,7,7
53,3.1036297772992887,-3.4954505488039533,8,8
53,7.7273825571176475,-1.3088252261412223,9,9
54,0,0,0,0
54,2,0,1,1
54,3.1902004154560872,5.523561371081133,2,2
54,1.4514723745632239,9.645727078357003,3,3
55,0,0,0,0
55,2,0,1,1
55,4.252671871767252,2.889520480903763,2,2
55,5.623084130666599,1.8673023333199736,3,3
56,0,0,0,0
56,2,0,1,1
56,2.002550980388315,0.013062785249074726,2,2
56,2.1493323083364015,0.2443531486466292,3,3
56,0.08900546459063641,1.3232981599633111,4,4
56,-1.030384869375326,1.0158073039512159,5,5
56,0.2546435101471178,0.36803125751330856,6,6
56,0.37827787062541557,0.40280659325340895,7,7
56,0.49401123409223613,0.37742448286361086,8,8
56,3.7693975435374316,0.5324607190045428,9,9
56,3.2963259682730914,5.1102797253341645,10,10
56,1.1739660249336699,8.446855582954566,11,11
56,1.6544940383397106,10.0536319052412,12,12
57,0,0,0,0
57,2,0,1,1
57,1.8731752447212355,0.4521020003233441,2,2
58,0,0,0,0
58,2,0,1,1
58,1.5429264071352953,1.688131351071895,2,2
58,1.2210503140101001,2.442759290670206,3,3
58,1.789763737206464,4.74426843057775,4,4
58,3.26710816301995,4.948215771833418,5,5
58,4.334877002922038,2.6790914831149055,6,6
58,7.420879167667748,0.8591201386786838,7,7
59,0,0,0,0
59,2,0,1,1
59,1.1005761127714648,-1.974518769402694,2,2
59,3.1137047244132714,-2.1326018985313535,3,3
59,3.435300626390137,-1.2471014236337832,4,4
59,5.237765777627015,0.9162844439152311,5,5
59,5.86321483405136,6.039725881809648,6,6
59,11.253590719569873,5.0416518469117735,7,7
60,0,0,0,0
60,2,0,1,1
60,10.22700443386944,-3.8924012029260053,2,2
61,0,0,0,0
61,2,0,1,1
61,2.058890714458723,0.021784336757108905,2,2
61,2.501881659156907,-0.09641766293752506,3,3
61,4.1499064176709535,1.0014319541388463,4,4
61,7.825488368998963,2.049142614528338,5,5
62,0,0,0,0
62,2,0,1,1
62,4.163905316381754,0.3625018216935623,2,2
62,3.7963002409645275,0.8407094316766723,3,3
62,0.8467584261913261,1.3825838053962878,4,4
62,-1.631508051627963,2.5838279781168296,5,5
62,0.11937873452441951,3.2329952203591104,6,6
62,1.211137715266196,3.1941070169069827,7,7
62,1.1630512026296227,2.7485663468715975,8,8
63,0,0,0,0
63,2,0,1,1
63,0.26251498728155687,-3.5957618340138606,2,2
63,-0.4238683939921738,-3.265132683914183,3,3
63,1.768850071934909,0.7096364865729297,4,4
64,0,0,0,0
64,2,0,1,1
64,-0.7775799543638846,-11.017308808925058,2,2
64,-2.546846793610463,-9.473060353394315,3,3
64,0.4295880644531551,-8.073185863885678,4,4
64,1.6427956980685607,-7.630654971673183,5,5
64,1.9471273910703513,-8.004601333324542,6,6
64,2.4618254594949533,-7.711498780961672,7,7
64,2.597894047978672,-7.586989536387113,8,8
64,2.299018502284402,-7.194801319494036,9,9
64,2.2095264002265935,-6.126832953903901,10,10
64,3.9798016994292826,-6.8749906473097795,11,11
64,3.9363767913548386,-4.766759987758519,12,12
64,5.002444333836857,-4.063817960127152,13,13
64,6.983351850122313,-5.050598810618956,14,14
65,0,0,0,0
65,2,0,1,1
65,3.0038491052779994,-0.5355552758518124,2,2
65,1.5850125693810277,-7.3390057491575655,3,3
65,-0.7564064750850437,-8.592359832079495,4,4
65,0.10983607400721432,-8.774150105630978,5,5
65,0.767109655983464,-9.874988711597704,6,6
65,-0.5805193980193584,-10.462073537179464,7,7
65,-0.04701238237998631,-10.502183352385169,8,8
65,-0.3160107232464438,-10.872969921944723,9,9
65,-0.37508066966408016,-10.039156138727765,10,10
65,1.7992404484643651,-9.27801679039107,11,11
65,0.22575785762784228,-6.914213002714633,12,12
65,1.6221003647700498,-6.552834257184186,13,13
66,0,0,0,0
66,2,0,1,1
66,1.5892533257431671,1.4691491486319768,2,2
66,1.6887544109011061,1.6985331807327368,3,3
66,3.06159344416385,0.7058585171626499,4,4
66,3.095899236992596,0.9279732628144242,5,5
66,2.1235801770133036,1.231003100721465,6,6
66,2.075135076862873,1.9967504545724108,7,7
66,0.8676370225667018,1.6335646151685332,8,8
66,-1.5140670856169705,-1.4838296889805775,9,9
66,-4.3118076960483105,-3.925320387859691,10,10
66,-0.014327518790451743,-4.321720949411224,11,11
66,-0.16811768945659114,-4.559954681465107,12,12
66,0.9040025002694263,-5.268019151567027,13,13
66,0.7504122229834437,-6.637307322187276,14,14
66,0.688110669732567,-8.087479009826449,15,15
66,3.0412952506415127,-10.307335413629522,16,16
66,1.437139172276226,-12.50395957760298,17,17
66,1.2447629932514643,-12.456493791027144,18,18
66,-0.14923344591921128,-11.146069781831113,19,19
66,-0.319112827876673,-9.840976729243623,20,20
66,-0.19233903639877684,-9.669789467819243,21,21
66,-6.617022361924766,-10.385122778826936,22,22
66,-0.7161608148229239,-10.595900369018752,23,23
66,-0.6815276251993206,-9.665733250841289,24,24
66,-16.629301407529805,-17.45900676187686,25,25
66,-0.2014354290650403,-17.42918951445349,26,26
66,-0.5387380170207638,-18.603187545550075,27,27
66,-0.3831583079901407,-18.10366542384818,28,28
66,-4.695224819931005,-20.81445473754117,29,29
66,0.5367965962828385,-21.352564580433416,30,30
66,0.7712359110866256,-22.5142076006358,31,31
66,1.9239888775217053,-24.255167084063913,32,32
66,1.9302894625949014,-24.2433323601475,33,33
66,2.0478028790084557,-24.410227259572135,34,34
66,1.7628821852651217,-25.271747849020343,35,35
66,1.0365688370482316,-25.943615326879655,36,36
66,-0.8580247795048033,-28.524679845075607,37,37
66,1.20751623491748,-30.947641660684834,38,38
66,3.2608117800603065,-29.88376895789962,39,39
66,1.6495857439714252,-26.717462414995317,40,40
66,-1.2388851855749599,-29.949176322050445,41,41
66,0.037428659998032875,-31.736001888665857,42,42
66,-1.0104641046744318,-31.405200377466706,43,43
66,-1.925145622954197,-32.3520721430096,44,44
66,-0.15950465275571352,-32.346083987186816,45,45
66,-0.9768656732041803,-33.90032664754903,46,46
66,-0.5875608497707784,-33.461094769574395,47,47
66,-1.422251741835557,-30.999667129785625,48,48
66,-0.3337877826468133,-31.38108414137824,49,49
66,-3.2468568841135834,-33.814465440314656,50,50
66,2.0472652006924794,-35.50570447942283,51,51
66,6.394374646595276,-40.4766168510774,52,52
66,6.751711470191589,-39.76828885955728,53,53
66,6.090857934180687,-38.86798728637592,54,54
66,3.2007328748192583,-38.512612512358615,55,55
66,3.596819583936004,-37.18818869517014,56,56
66,3.5367996212465522,-37.15132190365442,57,57
66,2.405317675496594,-37.059489946088945,58,58
66,2.4713532586849145,-32.445707155129526,59,59
66,1.6462311610277132,-32.83099401206234,60,60
66,2.2647069244762505,-37.40533941263394,61,61
66,1.04659660127433,-38.29882179635459,62,62
66,-1.8562563156432246,-37.77076062082508,63,63
66,-1.196698049951692,-35.569466398775624,64,64
66,-15.521699015227,-30.360912473017166,65,65
66,3.385815720513426,-23.38500187063916,66,66
66,4.196015334313264,-22.68442156928946,67,67
66,3.7507036740631574,-22.36853955328353,68,68
66,3.550762615483185,-21.413972831963168,69,69
66,4.33179149814452,-20.25255518341537,70,70
66,4.18959123024736,-20.111294909716385,71,71
66,3.1652909460880476,-20.235793074908592,72,72
66,2.817043500377192,-18.01446793923704,73,73
66,6.886099243168677,-18.165806898360547,74,74
66,6.880887636513538,-18.28101911812822,75,75
66,5.947805528857223,-18.88258001867732,76,76
66,7.923281016225063,-20.051803907240476,77,77
67,0,0,0,0
67,2,0,1,1
67,2.5121062558082117,0.4730547527000289,2,2
67,3.682129799758717,0.9531549532140504,3,3
67,5.125450624824162,2.231445229698548,4,4
68,0,0,0,0
68,2,0,1,1
68,1.4842271222436785,-2.473177945809765,2,2
68,2.5647471334319034,-3.130919563250781,3,3
68,5.829072567366163,-9.686737455125309,4,4
68,-2.398335597610954,-10.40364859844834,5,5
68,-0.3492819442764103,-8.193376018136853,6,6
68,-2.098167466019187,-4.78018443945658,7,7
68,-1.767621157146118,-4.583163419754233,8,8
68,-1.6839711384664489,-5.670489810733738,9,9
68,-0.6462390453521005,-2.2206721298270917,10,10
68,-9.725112584703828,-8.344902371748411,11,11
68,-0.06974946173699045,-8.320408104208004,12,12
68,-1.243219895296328,-4.653795995495116,13,13
68,-2.393293133046476,-5.375918033475147,14,14
68,-0.7787950396863691,-6.660849035391648,15,15
68,0.8944878806627029,-6.976550028871516,16,16
68,0.879647711013551,-7.171191595350943,17,17
68,-0.1973869921291702,-7.85945442219125,18,18
68,-1.2005964781150962,-6.233976695362889,19,19
68,-0.28426703395033537,-5.840120583313346,20,20
68,-0.3722721746551071,-5.519010561775807,21,21
68,-0.6272759207708056,2.9021189233111295,22,22
68,0.08479671445551987,8.300001426868404,23,23
68,3.7427825938511137,8.391317161765732,24,24
68,2.3904398824760262,11.687030869247302,25,25
68,2.6822377914700573,11.801150283436796,26,26
68,2.3738761391528156,8.575086627913931,27,27
68,2.0959044755051712,8.184808684817746,28,28
68,-2.1912078687789887,8.857685827668039,29,29
68,-2.2637718140901586,11.86508745941001,30,30
68,-0.12281984940028243,12.313426276296228,31,31
68,3.9489924039875453,12.782917111095028,32,32
68,5.877252509315014,16.144405197897726,33,33
69,0,0,0,0
69,2,0,1,1
69,2.1016606086825216,-0.4904694065701165,2,2
69,-1.4800788473312245,-1.2884579766886497,3,3
69,-3.173749613253596,8.433131371921387,4,4
69,0.26774829630655406,8.45542659391139,5,5
69,0.44018124225391575,8.762824189890441,6,6
69,-0.3034586100025227,8.979857101527026,7,7
69,-0.02058834706421744,10.418326435678035,8,8
69,-3.56857773853505,10.441994486543285,9,9
69,0.2514545839324104,9.836722965332587,10,10
69,1.3371919767553377,10.853093543371893,11,11
69,1.7409555504361427,9.79073701537983,12,12
69,1.4503532186362917,9.547583343636475,13,13
69,1.820959408473903,8.410352548208177,14,14
69,1.9468846085274443,8.28212062796595,15,15
69,2.9404931296207724,7.429291148428947,16,16
69,2.693078294850813,6.5864757282641735,17,17
69,4.780209672870457,5.812765487216604,18,18
69,6.989806966664958,8.847327519497524,19,19
69,7.125934032441539,8.569702940179543,20,20
70,0,0,0,0
70,2,0,1,1
70,1.6570350813668306,0.6607993353139417,2,2
71,0,0,0,0
71,2,0,1,1
71,3.3590425336236684,-0.902603837448169,2,2
71,3.4182647749033124,-0.9847175000861114,3,3
71,2.0261309181475404,-1.317911530429293,4,4
71,2.8592956970259165,-2.7815712749698775,5,5
71,3.1270519512846313,-3.152142432390136,6,6
71,4.603475998010305,-0.8777798353083344,7,7
71,4.598081155022444,-0.866649826244786,8,8
71,3.742266451648029,3.149301044254737,9,9
71,10.862432021006748,4.4252899419088765,10,10
72,0,0,0,0
72,2,0,1,1
72,2.0762393539826864,-0.32684377746302906,2,2
72,2.9298864007452994,-1.1256725552689724,3,3
72,3.941077560487475,0.04745844395718768,4,4
72,9.700353907064569,-0.37345521711916907,5,5
73,0,0,0,0
73,2,0,1,1
73,2.6824720908636532,-2.244871458197913,2,2
73,0.47422478924920375,-2.7001681488924394,3,3
73,-1.0223351563877,-2.9393424441006784,4,4
73,-4.513560254451165,-4.910330376746803,5,5
73,-1.37900222956731,-5.785471802986622,6,6
73,-0.11448757387232433,-5.7971010266576855,7,7
73,0.07824212857644741,-6.094285448163983,8,8
73,3.178963118380616,-3.2559834658324656,9,9
73,2.1390671343858516,-0.8367242958707592,10,10
73,2.038534780084891,-0.7476242597202085,11,11
73,2.243560118048591,-0.4573051557249268,12,12
73,1.8315470630845312,-0.3523609235011502,13,13
73,2.4868495306752045,-3.874332653859671,14,14
73,3.940936445248925,-10.310909108514938,15,15
73,4.398789699387924,-11.727604624283384,16,16
73,3.1302634719083553,-11.639345582853851,17,17
73,1.5164623408961622,-12.7014319184577,18,18
73,1.3363849393774185,-12.586798312342347,19,19
73,1.7287803386889686,-11.113103133576312,20,20
73,1.7133397641432173,-11.09686057405065,21,21
73,-0.29950685939652355,-12.562502206973143,22,22
73,-1.3447076239027476,-12.043892341388243,23,23
73,-0.4995090750627049,-12.644913337416353,24,24
73,-2.342575378077514,-14.06418628994507,25,25
73,-0.6759692695848469,-13.577558048389204,26,26
73,1.9496578752412783,-9.482660638402594,27,27
73,2.3665758323291692,-9.610284401389022,28,28
74,0,0,0,0
74,2,0,1,1
74,3.271195768563792,1.1159868086080937,2,2
74,3.5883536696274576,0.41355992071029457,3,3
74,6.39627458451875,2.370935889549176,4,4
74,5.3067129362059955,4.318082193540519,5,5
74,6.040590929562333,6.554130032899501,6,6
74,8.720746055920431,6.715238371038746,7,7
75,0,0,0,0
75,2,0,1,1
75,2.2815618412369525,0.23827534553341156,2,2
75,3.686188737261826,-1.0470252200272538,3,3
75,3.5515058171132488,-1.2413146221910658,4,4
75,3.501111202088925,-1.2706685431485765,5,5
75,4.278750009935366,-2.8580268446529167,6,6
75,5.644434674904157,-3.0497182484669247,7,7
75,6.452554453946731,-2.3754618691254774,8,8
75,4.420814281858753,-0.24862417814850835,9,9
75,4.328871647990411,-0.2493784048573466,10,10
75,3.280924025908966,-0.5983905097291627,11,11
75,1.1670291090571077,0.041845400470322924,12,12
75,0.08344616291814932,2.049238500759819,13,13
75,-0.014610285152487981,2.4729553266764657,14,14
75,-2.422534576435988,6.71838869569684,15,15
75,0.02822743609455701,7.033428874908492,16,16
75,-0.07951345589832354,7.240044892945442,17,17
75,0.40768981051945813,7.892738433684771,18,18
75,1.3660997962590036,8.130986314497976,19,19
75,3.8811495028815433,14.625255172541385,20,20
75,6.472851875623457,19.436556932679835,21,21
75,7.142230608120842,19.788734120534187,22,22
76,0,0,0,0
76,2,0,1,1
76,2.828464988327395,-5.530182890924533,2,2
76,9.641569526197927,-8.947882766658873,3,3
77,0,0,0,0
77,2,0,1,1
77,2.6030441175081585,0.7186799935331524,2,2
77,3.0500786915660787,1.4357547136244788,3,3
77,2.5265290082227416,1.948273468813943,4,4
77,4.828859109355969,3.970208027103573,5,5
77,6.08387358822792,4.068539024609317,6,6
77,7.0317855495376795,4.982968273496453,7,7
78,0,0,0,0
78,2,0,1,1
78,2.133509442280297,1.2073813493821473,2,2
78,-1.754520577441272,2.057952816483547,3,3
78,0.9889617706619366,6.130278242830295,4,4
78,0.46642011099616554,6.79335718057258,5,5
78,-1.2152931443311794,9.838519196633497,6,6
78,-0.5693863884795175,9.716141464796301,7,7
78,-0.9392179545750245,10.235687537854938,8,8
78,-0.8099326385788522,9.339002762717673,9,9
78,0.06074716569251268,8.386716023885148,10,10
78,1.0138464070548006,8.71210587464713,11,11
78,0.9602684229359523,9.400559214236948,12,12
78,0.6408255278895971,10.21988787182111,13,13
78,-0.1715164030420836,9.511985524495495,14,14
78,-1.25260890056359,9.301921169294078,15,15
78,0.11123891211426526,8.445428989360332,16,16
78,-0.17276037513354006,7.981984273321628,17,17
78,2.7828332476090583,7.572539957236781,18,18
78,2.9494041255808554,7.318767030792573,19,19
78,2.468702339083571,7.170240739188749,20,20
78,2.4937692901111963,6.15184318199837,21,21
78,7.658506547004206,3.494109345889158,22,22
79,0,0,0,0
79,2,0,1,1
79,2.9600779859942796,-0.13202649015297444,2,2
79,2.9931229705194924,5.277443786819368,3,3
79,2.5003567442566874,5.639681456649825,4,4
79,-1.8471093194988057,7.64021180239177,5,5
79,0.02853013710537339,7.254470555817669,6,6
79,-1.6834596393741037,6.091876898529515,7,7
79,-0.05168991358504494,6.030449646227631,8,8
79,-1.8302559722114682,8.194732246201395,9,9
79,0.5240560463149032,8.72876080021396,10,10
79,1.442912495909567,8.380820610821687,11,11
79,1.4560391797400576,8.30971837196959,12,12
79,1.6513112427910381,8.339459693667257,13,13
79,0.7427684552409257,9.811665041317989,14,14
79,0.28608370371583025,9.21993069301514,15,15
79,0.16654218783917274,9.13431581164743,16,16
79,-0.36046413350599416,10.476318850830436,17,17
79,-1.8198755934136535,9.985278730075034,18,18
79,-0.030699338936481173,9.967867415724752,19,19
79,0.6016323327763307,8.7160908703197,20,20
79,5.330420820449118,12.197361271068727,21,21
79,5.414022866589509,12.481051010370036,22,22
79,6.617882605797369,13.05887768251366,23,23
79,7.297903722379583,11.300218367334379,24,24
80,0,0,0,0
80,2,0,1,1
80,2.0617746732062234,0.1596777775070706,2,2
81,0,0,0,0
81,2,0,1,1
81,4.071054179494688,-0.1808295339017572,2,2
81,4.753084264918837,-1.583545386377922,3,3
81,8.533807901114866,-4.01165874960596,4,4
82,0,0,0,0
82,2,0,1,1
82,1.9826700274342162,-3.677507174757791,2,2
83,0,0,0,0
83,2,0,1,1
83,2.0070426116361486,0.7205340616436842,2,2
83,1.95574488074693,0.9468703479975344,3,3
83,0.6533062587050127,2.8390989252642944,4,4
83,8.08852487815929,3.5786112582427028,5,5
84,0,0,0,0
84,2,0,1,1
84,2.317099427645613,-0.0361289161809066,2,2
84,1.9938356731196865,1.0949501340722945,3,3
84,3.84347949015618,5.666086781535251,4,4
84,3.812894757442867,5.701245697490393,5,5
84,3.9101802173218134,5.759285507096897,6,6
84,4.060851280875676,5.973589229340494,7,7
84,4.87154736969171,6.6357198037931076,8,8
84,4.9026268982016274,6.6329569646433955,9,9
84,2.569389555421772,17.600562751111102,10,10
84,1.2556035958329188,16.55103014229213,11,11
84,0.9459604445405083,17.377888285548664,12,12
84,0.6841600157251392,18.660095930203138,13,13
84,1.0811140187488806,18.727520762031553,14,14
84,1.1019605450527745,19.933883495018648,15,15
84,-3.822456734157268,21.3571058469013,16,16
84,-3.5479220245982384,24.991527377874306,17,17
84,1.9394193297393063,27.898464743155504,18,18
85,0,0,0,0
85,2,0,1,1
85,3.556112453313216,0.9162544946891428,2,2
85,3.69850629268041,1.171038270560818,3,3
85,3.519520928595814,2.3049496675990078,4,4
85,2.864797229022809,1.999229535894687,5,5
85,2.7728121857623886,-1.6855679389385503,6,6
85,0.38654500419268656,-3.4791825873273914,7,7
85,-0.5725522024462406,-7.852323508681563,8,8
85,-2.5509697701319842,-8.520130482661932,9,9
85,1.033205190428224,-12.817131483530932,10,10
86,0,0,0,0
86,2,0,1,1
86,1.9354076801906,-0.6587634376654875,2,2
86,5.166440701044276,-2.853746937146781,3,3
86,5.18579507294804,-3.4800582596453604,4,4
86,2.3707324971711694,-7.187422453454909,5,5
86,2.976138380333766,-7.988784311002668,6,6
86,3.598225000573933,-8.747473861864329,7,7
86,2.2515747419922456,-11.010090637920433,8,8
86,1.9990993891908282,-10.567992251647704,9,9
86,2.9059403590818267,-7.216395190572938,10,10
86,2.4815016027112318,-5.254945645583722,11,11
86,1.9296797811831254,-5.086447388363782,12,12
86,-0.9859074412453377,-2.6129746349100147,13,13
86,0.16585657957378913,-2.535951386420389,14,14
86,0.6804277459784234,-4.0061585226186995,15,15
86,1.387239735853809,-4.210971399015843,16,16
86,2.4816623164587988,-4.302295577109371,17,17
86,3.231789772980901,-3.891782938645315,18,18
86,1.9950109111861545,-2.691585428959975,19,19
86,1.8279180193833309,-0.8731266142362129,20,20
86,3.185787386990607,1.8876445532237376,21,21
86,3.3153024261530617,1.7123592280581712,22,22
86,3.733427816722155,2.632403659172537,23,23
86,4.659243292029663,1.86432260322744,24,24
86,4.864009359750879,2.5217507572866547,25,25
86,5.83715524620624,1.710956171948736,26,26
86,5.623474271469974,1.5298056343638564,27,27
86,5.688410127794668,1.216792518632184,28,28
86,4.2370220907384795,0.42020418485559674,29,29
86,4.370532830806903,-0.14414601442608554,30,30
86,4.344202980801081,-0.2665468124902769,31,31
86,1.2494494965063576,-1.1102734528773097,32,32
86,0.25239904010901415,-2.475567737368017,33,33
86,0.256134094102152,-2.498654187000056,34,34
86,1.0285069848104902,-4.206885169305085,35,35
86,-0.5581109650954128,-6.230374048243675,36,36
86,-0.5106468603494967,-6.065734823897864,37,37
86,-0.5787219337387733,-6.664809650235342,38,38
86,2.339317325693729,-7.301703568143012,39,39
86,2.5945909369129523,-6.917485895740926,40,40
86,-5.641638704915389,-6.140383284680061,41,41
86,-0.5070414871191852,-6.029366761401225,42,42
86,0.04636198363005799,-5.202710637896951,43,43
86,0.5892591499152964,-5.128053361692035,44,44
86,0.9559333642746233,-4.917972063509377,45,45
86,0.21754446819010254,-4.350976721186518,46,46
86,-5.138807252009256,-5.5463001971485255,47,47
86,0.7916309668878375,-6.6247639807734195,48,48
86,0.4679842840960871,-7.002902996256659,49,49
86,-1.9871516459374408,-7.391758326455673,50,50
86,-1.3548889736722387,-7.4478343506417914,51,51
86,-0.30233135975315706,-7.582757200728792,52,52
86,-0.17961864552617468,-7.811833350846584,53,53
86,-0.5954334956546442,-9.3088521403325,54,54
86,-0.07048742642766158,-9.236469502452488,55,55
86,0.02007655114287771,-9.068102486618953,56,56
86,0.46994833476216546,-8.1094718323958,57,57
86,1.3717000054462074,-8.417683027972847,58,58
86,1.9897582328235308,-7.650619917796599,59,59
86,-0.827133844044353,-6.137682731054809,60,60
86,-0.7807960291415048,-5.842488754716743,61,61
86,-0.6477707867180518,-5.9230580625167955,62,62
86,-0.8524558566986551,-4.248574523699722,63,63
86,1.1706987171080243,-3.4941106844423486,64,64
86,4.5473619700675805,6.379560879642147,65,65
86,3.3227385969113516,9.046986745564023,66,66
86,3.3411832397660035,9.765740691977294,67,67
86,-0.8171775021631218,8.573349936908553,68,68
86,0.5840667541870392,7.479490108824678,69,69
86,0.5988902493265649,7.477272077589193,70,70
86,4.993482369455497,2.608558292055929,71,71
86,6.5401504102114005,1.8249068105340616,72,72
86,9.778175504262057,4.94637505374566,73,73
87,0,0,0,0
87,2,0,1,1
87,2.030511515559663,0.02186827299764576,2,2
87,6.388318287467692,0.9664481218162435,3,3
87,8.686674905315204,2.4802090412537874,4,4
88,0,0,0,0
88,2,0,1,1
88,2.7283446387841903,2.171752835340928,2,2
88,3.559972211063532,1.8455066311434698,3,3
88,4.447869014301762,3.9161269279352364,4,4
88,2.712837192241513,5.059735195070436,5,5
88,2.9840533086496466,5.495292641656069,6,6
88,0.7863523880903269,5.570117912341112,7,7
88,0.7942182871649716,5.209628861346161,8,8
88,-0.1667706188249397,1.9360326385140372,9,9
88,0.06605887325335012,1.8175430066887945,10,10
88,-0.04507013660079767,1.7140584815245774,11,11
88,-0.12530540364418394,2.168666953372817,12,12
88,-0.152073526376671,2.0401548598043573,13,13
88,0.9201935626470027,1.6597506261963908,14,14
88,0.8032527594444282,2.7576200467313314,15,15
88,2.533736928806085,2.7491632384148548,16,16
88,2.812527348571392,3.501620617666031,17,17
88,4.281063342825556,4.878258032331383,18,18
88,5.327757960601618,4.545623644381168,19,19
88,3.0036539614366538,1.9343550256154236,20,20
88,2.8923034175298734,1.6409141318207006,21,21
88,-2.193794529465873,-5.187582963783964,22,22
88,-2.5927314153868877,-4.1615713940833805,23,23
88,-0.31656207818155707,-3.7045681354821647,24,24
88,1.7304519006788552,-3.4782859225725304,25,25
89,0,0,0,0
89,2,0,1,1
89,1.833446504636278,0.5526975101718389,2,2
89,1.5839907464452139,0.6966047807215086,3,3
89,0.9517943058220184,0.5936450523229768,4,4
89,0.500105155469659,0.3477850541384105,5,5
89,-1.5642551631010093,-1.2157451210715717,6,6
89,-6.274738536485522,-3.1078106775890255,7,7
89,-0.07254544820811204,-6.280195178351121,8,8
89,-1.7894751318683884,-8.290070116292547,9,9
89,3.197787027770412,-10.292928534076669,10,10
89,3.7326847303252917,-9.830075610716406,11,11
89,3.6743087693097904,-9.749402744072473,12,12
89,4.998763942225475,-9.591939902625153,13,13
89,5.562787300116449,-9.325206836289777,14,14
89,5.823543353780935,-7.986228775254866,15,15
89,3.78854680128295,-6.9928151616912455,16,16
89,3.783161325630985,-7.364554247240396,17,17
89,4.201092948796759,-8.000310609480444,18,18
89,7.035363610823666,-16.29743495528147,19,19
90,0,0,0,0
90,2,0,1,1
90,3.3601678983080037,-1.2626194894495857,2,2
90,2.6298086543430794,-1.676341843490154,3,3
90,3.6709573653368697,-2.418986001691927,4,4
90,4.4804350416096534,-3.508948617435465,5,5
90,4.4854357048348765,-3.6178138790878194,6,6
90,4.317709592350353,-3.8540020062255147,7,7
90,3.2627705587755953,-3.8473735415624595,8,8
90,2.6946306260465036,-3.618637129911856,9,9
90,2.924009976892957,-3.3902165943074065,10,10
90,2.908575934013145,-3.30391937103252,11,11
90,3.014657284994475,-2.367040590237144,12,12
90,0.716736496336488,-1.7020415831072506,13,13
90,-2.616329318170376,-3.926601490724737,14,14
90,-0.5545458027150707,-2.211741511948029,15,15
90,6.989091095052233,-1.5572310142340653,16,16
90,7.048992660289463,-1.6695581908176014,17,17
91,0,0,0,0
91,2,0,1,1
91,1.6239310057835181,1.9401302585504456,2,2
91,1.1270356450951118,5.81900536186037,3,3
91,0.8762126068961497,8.345311926311197,4,4
91,0.40012843839259554,8.329601771173706,5,5
91,0.18157192975656092,6.0175154161877575,6,6
91,0.8359185211851493,3.873229203274245,7,7
91,-1.2844176825605746,3.289191308725062,8,8
91,0.1842697818206859,4.037711361706239,9,9
91,-0.6700574289301539,4.429574581683076,10,10
91,-0.34129693618760754,4.544898079845881,11,11
91,-0.11008887167446613,4.381807445167843,12,12
91,-0.22469785918715912,4.010201942627867,13,13
91,-5.378741555279632,5.949849998632272,14,14
91,-1.283404762853354,6.0553650772634695,15,15
91,-0.6736783131232581,5.129486416238567,16,16
91,0.36977747145293877,4.94592728530332,17,17
91,4.536893854160485,3.0080790823799375,18,18
91,4.788908715537831,3.0827771319573856,19,19
91,5.134864535205556,3.0889366121487893,20,20
91,6.510502934535197,6.122922068572308,21,21
91,7.859868292894843,11.995717101425868,22,22
92,0,0,0,0
92,2,0,1,1
92,2.6668053290603124,0.42496547617774066,2,2
92,4.984535580963209,0.275084584121987,3,3
92,5.1368677728023355,2.2822948518187918,4,4
92,4.541496653410665,5.754411906237715,5,5
92,4.816956414209447,6.4701416146100055,6,6
92,5.407311331408661,6.324371540588078,7,7
93,0,0,0,0
93,2,0,1,1
93,1.9508698904216004,-0.09849670067896849,2,2
93,1.9729711539047785,-0.144501899405464,3,3
93,-0.2419052309338694,-2.348580718262774,4,4
93,1.6068694449548337,-10.22548325019183,5,5
94,0,0,0,0
94,2,0,1,1
94,2.1279585009576976,-0.16448835376639656,2,2
94,9.07337646554556,0.489600952115105,3,3
95,0,0,0,0
95,2,0,1,1
95,4.353402192440276,-1.905747519124261,2,2
95,6.65115018549376,-5.303337754954215,3,3
95,4.1621778623555015,-8.517890054313806,4,4
95,3.5136783840375654,-8.559599323854119,5,5
95,-0.07191199727239805,-6.98190179661327,6,6
95,-1.383511052936313,-5.427991299540117,7,7
95,-5.15450594822192,-2.9638942677360975,8,8
95,-0.46175441642620824,-3.6245742759087243,9,9
95,-1.411666539608298,-5.8150519647141365,10,10
95,-0.2973972163536176,-6.245189389596961,11,11
95,1.5951529026801325,-6.694768499547855,12,12
95,4.0068492539520655,-3.3582391237467584,13,13
95,1.8631940621199647,1.4746385761089233,14,14
95,0.8948972983742309,0.9537003975982054,15,15
95,0.7709338759007852,1.070599341929304,16,16
95,-0.12400470940742503,1.043569175951372,17,17
95,0.2670176663145762,-1.058291407337289,18,18
95,1.481664897322873,-1.7452259177857432,19,19
95,1.5283868809331758,-1.839553341039264,20,20
95,1.5747840384602623,-1.8441435040384193,21,21
95,2.4048575485753996,-2.1490577232481716,22,22
95,2.9945988868807367,-1.8804214078190709,23,23
95,4.447803284764472,-1.3202592131845468,24,24
95,4.603041580708224,-0.9447395212797862,25,25
95,4.117190317627812,0.6705890273494037,26,26
95,8.695197983954754,3.6697779620067212,27,27
96,0,0,0,0
96,2,0,1,1
96,2.390623882193576,1.3722047229695313,2,2
96,2.394045808245931,1.4060693119421817,3,3
96,1.8867092574629614,2.560718969335677,4,4
96,1.691327853719236,3.1707236014137457,5,5
96,3.2687858130528085,6.080882897919954,6,6
96,1.0644408146701063,9.549020660389502,7,7
96,1.1824634565823957,10.202345595173218,8,8
96,-4.708862329951346,9.678631552292815,9,9
96,1.030160134843503,8.102581400617602,10,10
96,0.2874753770793227,7.663008869344816,11,11
96,-0.20539354414305583,6.777498190301553,12,12
96,-0.07687360251498812,6.7240696447168,13,13
96,3.468029027817375,0.21810084150756115,14,14
96,8.962558888237496,2.0789655021681313,15,15
97,0,0,0,0
97,2,0,1,1
97,2.357781412070732,-0.8335609257801506,2,2
98,0,0,0,0
98,2,0,1,1
98,8.069891448897337,7.084365861317488,2,2
99,0,0,0,0
99,2,0,1,1
99,1.8356030909071477,0.9400143487860576,2,2
99,2.243930381659989,1.2886355673161392,3,3
99,4.0927038249645085,0.10584093040997344,4,4
99,5.8930623243645455,-0.998284801800007,5,5
