id,startPosition,endPosition,survived,epilogue,total_iterations,total_time,step_size,moving_type,car probability
0,0,5.666253344109789,no,dead,3,2.040067574295345,2,C,0.05
1,0,7.011508124343136,yes,Crossed,9,8.52051433122689,2,C,0.05
2,0,-0.8951187055106911,yes,Went back to the sidewalk,3,1.0468207223290615,2,C,0.05
3,0,7.12372286385853,yes,Crossed,6,5.015870312898503,2,C,0.05
4,0,-1.258127945890562,yes,Went back to the sidewalk,8,8.672396277591911,2,C,0.05
5,0,-0.840064259270201,yes,Went back to the sidewalk,9,9.280365756687873,2,C,0.05
6,0,-0.7559067551323102,yes,Went back to the sidewalk,8,7.4627989073326635,2,C,0.05
7,0,8.033953606065076,yes,Crossed,5,3.8659585898036113,2,C,0.05
8,0,7.5078415153133555,yes,Crossed,4,2.0097407090000687,2,C,0.05
9,0,-1.314924622322177,yes,Went back to the sidewalk,4,2.5862840211876232,2,C,0.05
10,0,-0.5949726423497266,yes,Went back to the sidewalk,8,5.296373953680965,2,C,0.05
11,0,7.197440767123084,yes,Crossed,11,15.476134285829556,2,C,0.05
12,0,7.166677462612717,yes,Crossed,4,2.7945533684566497,2,C,0.05
13,0,-0.4704535500912128,yes,Went back to the sidewalk,3,1.8254491136752087,2,C,0.05
14,0,-0.14305166544401793,yes,Went back to the sidewalk,4,2.998666833287749,2,C,0.05
15,0,-0.6803891310087921,yes,Went back to the sidewalk,5,3.843405294766113,2,C,0.05
16,0,5.030167019790639,no,dead,3,3.9674651507298972,2,C,0.05
17,0,-1.6786983220479608,yes,Went back to the sidewalk,5,5.949190706257846,2,C,0.05
18,0,-0.9092808527848997,yes,Went back to the sidewalk,9,5.941718181424368,2,C,0.05
19,0,7.190886238018677,yes,Crossed,5,5.08160662113476,2,C,0.05
20,0,7.6100082459138285,yes,Crossed,9,12.58790287892923,2,C,0.05
21,0,7.273285035167988,yes,Crossed,5,8.393703720583334,2,C,0.05
22,0,-0.5587483440183374,yes,Went back to the sidewalk,3,2.338665652045794,2,C,0.05
23,0,7.213657315844404,yes,Crossed,6,3.402216516533165,2,C,0.05
24,0,7.88799536825899,yes,Crossed,4,4.295119274044855,2,C,0.05
25,0,1.805856417296602,no,dead,11,9.525424069919934,2,C,0.05
26,0,7.2517198740142295,yes,Crossed,6,4.915204001466047,2,C,0.05
27,0,-0.1120633129399542,yes,Went back to the sidewalk,4,7.919752000956934,2,C,0.05
28,0,-0.11879203148514339,yes,Went back to the sidewalk,17,18.007064028874648,2,C,0.05
29,0,8.050673306614247,yes,Crossed,6,5.977495656537388,2,C,0.05
30,0,8.121767456465543,yes,Crossed,5,2.619807878911353,2,C,0.05
31,0,-0.2854265500598753,yes,Went back to the sidewalk,9,5.623489945193912,2,C,0.05
32,0,2.5109275328562424,no,dead,4,6.663391701811062,2,C,0.05
33,0,8.100401704998875,yes,Crossed,12,17.807491387426502,2,C,0.05
34,0,8.910296052097717,yes,Crossed,6,7.453384828861965,2,C,0.05
35,0,2.7875473145693794,no,dead,4,2.3029274541486235,2,C,0.05
36,0,-0.4401164346977178,yes,Went back to the sidewalk,10,10.727689946954644,2,C,0.05
37,0,5.582488101051379,no,dead,7,5.36642346281839,2,C,0.05
38,0,-0.49243370564009603,yes,Went back to the sidewalk,4,2.0900910993375823,2,C,0.05
39,0,-1.1551463885842999,yes,Went back to the sidewalk,5,6.780289119914323,2,C,0.05
40,0,-0.14319070186602012,yes,Went back to the sidewalk,3,1.1447519908644677,2,C,0.05
41,0,-1.8248812451914767,yes,Went back to the sidewalk,4,6.069507926811767,2,C,0.05
42,0,-0.47716067739146273,yes,Went back to the sidewalk,6,4.464487726349425,2,C,0.05
43,0,6.189134408743418,no,dead,4,3.4432179625836623,2,C,0.05
44,0,-0.24493093977139435,yes,Went back to the sidewalk,8,6.914636425642573,2,C,0.05
45,0,7.405226837403546,yes,Crossed,8,15.823759844993242,2,C,0.05
46,0,-0.16826172010638984,yes,Went back to the sidewalk,6,5.844309740675943,2,C,0.05
47,0,7.608451942815719,yes,Crossed,4,1.7933612756451063,2,C,0.05
48,0,5.058898983380349,no,dead,5,7.146454160784734,2,C,0.05
49,0,-0.7118203122496118,yes,Went back to the sidewalk,5,7.504577584711522,2,C,0.05
50,0,-1.5043623439635456,yes,Went back to the sidewalk,6,5.599191115660252,2,C,0.05
51,0,7.365161878027753,yes,Crossed,7,7.766931634976624,2,C,0.05
52,0,-1.31052881949039,yes,Went back to the sidewalk,4,5.061188342230454,2,C,0.05
53,0,8.39926763597122,yes,Crossed,13,9.716218164076802,2,C,0.05
54,0,-0.4526060426286289,yes,Went back to the sidewalk,5,4.805671363007605,2,C,0.05
55,0,-0.5050497338808944,yes,Went back to the sidewalk,6,8.342496655904334,2,C,0.05
56,0,8.389422141464893,yes,Crossed,5,3.544420094172375,2,C,0.05
57,0,6.957435759032461,no,dead,8,9.838209639614984,2,C,0.05
58,0,-0.40551625877149,yes,Went back to the sidewalk,6,8.756383648257776,2,C,0.05
59,0,7.240154986923546,yes,Crossed,5,4.697330331214006,2,C,0.05
60,0,7.26952416566263,yes,Crossed,6,10.427893136553742,2,C,0.05
61,0,-1.7832644118628727,yes,Went back to the sidewalk,5,4.203937220643554,2,C,0.05
62,0,7.947599069498138,yes,Crossed,5,10.210717393441435,2,C,0.05
63,0,-1.5035861243396174,yes,Went back to the sidewalk,12,12.26147734555402,2,C,0.05
64,0,-1.899304800856128,yes,Went back to the sidewalk,4,3.1182930685845967,2,C,0.05
65,0,7.838001897937329,yes,Crossed,8,7.588934303124635,2,C,0.05
66,0,-1.089076409229439,yes,Went back to the sidewalk,7,6.232304985484009,2,C,0.05
67,0,-0.5092925979843856,yes,Went back to the sidewalk,7,4.8458686671473465,2,C,0.05
68,0,-0.9166513125392826,yes,Went back to the sidewalk,3,4.661709044469463,2,C,0.05
69,0,8.643531290792653,yes,Crossed,8,9.200141437650737,2,C,0.05
70,0,-0.5651667371354472,yes,Went back to the sidewalk,10,12.392987782404598,2,C,0.05
71,0,-0.4712356182219173,yes,Went back to the sidewalk,5,4.644682323800964,2,C,0.05
72,0,8.064060695816313,yes,Crossed,5,2.405965395944061,2,C,0.05
73,0,7.080158036547997,yes,Crossed,5,7.416886194921732,2,C,0.05
74,0,-1.193562766893507,yes,Went back to the sidewalk,6,11.039355904351446,2,C,0.05
75,0,8.950127702887139,yes,Crossed,7,8.013981955239279,2,C,0.05
76,0,-0.31380095823017795,yes,Went back to the sidewalk,7,8.967184530165145,2,C,0.05
77,0,7.034588875354396,yes,Crossed,4,7.156186181134721,2,C,0.05
78,0,-0.7864210691576645,yes,Went back to the sidewalk,4,1.6485318890052603,2,C,0.05
79,0,7.522841281019117,yes,Crossed,4,4.275116921836004,2,C,0.05
80,0,8.811093823932886,yes,Crossed,7,5.286444078526961,2,C,0.05
81,0,7.711234733616099,yes,Crossed,7,5.002716620888123,2,C,0.05
82,0,6.071258672554742,no,dead,8,8.31783661070361,2,C,0.05
83,0,-0.856240141899113,yes,Went back to the sidewalk,3,9.088075663151878,2,C,0.05
84,0,5.094380000783336,no,dead,6,14.447197249880018,2,C,0.05
85,0,2.11199152985856,no,dead,2,1.3538393606801544,2,C,0.05
86,0,-0.18524898623221175,yes,Went back to the sidewalk,9,9.69700346680033,2,C,0.05
87,0,-0.3144022675411371,yes,Went back to the sidewalk,7,5.387299751427445,2,C,0.05
88,0,7.066516653937718,yes,Crossed,5,6.568575832971568,2,C,0.05
89,0,-0.7978185469379917,yes,Went back to the sidewalk,9,7.786856065172776,2,C,0.05
90,0,7.850091521020498,yes,Crossed,19,18.861204316096238,2,C,0.05
91,0,7.623277835483436,yes,Crossed,6,5.959243016589155,2,C,0.05
92,0,-0.8495613221603964,yes,Went back to the sidewalk,5,4.398629341169041,2,C,0.05
93,0,1.431935125647712,no,dead,10,13.30236868730028,2,C,0.05
94,0,-1.2022505193270283,yes,Went back to the sidewalk,5,4.79355809631757,2,C,0.05
95,0,-0.6707819357621991,yes,Went back to the sidewalk,3,10.446057372179862,2,C,0.05
96,0,8.576947671006362,yes,Crossed,5,7.90815398460595,2,C,0.05
97,0,7.139127342181094,yes,Crossed,4,3.1424888929021657,2,C,0.05
98,0,7.639128263289569,yes,Crossed,7,6.508280935521492,2,C,0.05
99,0,6.29884091799477,no,dead,4,3.696587973379809,2,C,0.05
100,0,-0.2965792201486688,yes,Went back to the sidewalk,20,26.139759730221552,2,C,0.05
101,0,-1.3719258960651683,yes,Went back to the sidewalk,11,11.11179280972279,2,C,0.05
102,0,6.6650787314644395,no,dead,5,3.053824861261356,2,C,0.05
103,0,-0.3508627651268992,yes,Went back to the sidewalk,3,6.199453356156642,2,C,0.05
104,0,-0.4703824399707892,yes,Went back to the sidewalk,8,7.556278435571877,2,C,0.05
105,0,-1.0111215277831365,yes,Went back to the sidewalk,4,3.2486274400140243,2,C,0.05
106,0,1.4408491167098223,no,dead,11,7.25187141410103,2,C,0.05
107,0,-0.795746500119414,yes,Went back to the sidewalk,7,12.204516225043424,2,C,0.05
108,0,7.996651144623721,yes,Crossed,8,4.294968299973606,2,C,0.05
109,0,1.95288047033278,no,dead,2,2.7548710111253687,2,C,0.05
110,0,7.745307483789955,yes,Crossed,7,5.829119870756529,2,C,0.05
111,0,-0.3134958951802862,yes,Went back to the sidewalk,4,6.920189254711664,2,C,0.05
112,0,5.476739199131919,no,dead,3,1.4849618940306537,2,C,0.05
113,0,7.022119466213775,yes,Crossed,6,9.98274441066654,2,C,0.05
114,0,8.468666442132884,yes,Crossed,11,9.913977671585938,2,C,0.05
115,0,-1.2423674261108317,yes,Went back to the sidewalk,4,3.8402134863702537,2,C,0.05
116,0,7.004093847478364,yes,Crossed,14,12.741837844737072,2,C,0.05
117,0,-0.4594989317824958,yes,Went back to the sidewalk,3,1.8771096382733048,2,C,0.05
118,0,-1.1519121729672517,yes,Went back to the sidewalk,4,4.706835789001285,2,C,0.05
119,0,-0.21800885481496168,yes,Went back to the sidewalk,11,13.750906143949665,2,C,0.05
120,0,-1.131791420083446,yes,Went back to the sidewalk,12,11.62283574311949,2,C,0.05
121,0,8.803426647752321,yes,Crossed,8,8.58336164156324,2,C,0.05
122,0,-0.08061995391882237,yes,Went back to the sidewalk,4,6.073444787668072,2,C,0.05
123,0,-0.3037882276522357,yes,Went back to the sidewalk,7,4.4650611854805,2,C,0.05
124,0,-1.8637880493092533,yes,Went back to the sidewalk,7,4.446572841062898,2,C,0.05
125,0,-1.0895520857808134,yes,Went back to the sidewalk,5,7.371594135819212,2,C,0.05
126,0,7.910793178072559,yes,Crossed,4,4.6886935049854115,2,C,0.05
127,0,-1.1431881253606384,yes,Went back to the sidewalk,14,9.686118636484487,2,C,0.05
128,0,7.406079127322865,yes,Crossed,5,3.5647849695185045,2,C,0.05
129,0,-0.7913450535184066,yes,Went back to the sidewalk,5,4.201234344137294,2,C,0.05
130,0,7.253286737216094,yes,Crossed,6,5.367113446544958,2,C,0.05
131,0,-1.5698699619220853,yes,Went back to the sidewalk,6,4.467647300327022,2,C,0.05
132,0,7.344875638250575,yes,Crossed,5,2.3185375280629654,2,C,0.05
133,0,7.504378962336536,yes,Crossed,17,17.521509500030664,2,C,0.05
134,0,-0.2224318266946641,yes,Went back to the sidewalk,5,5.423890991534556,2,C,0.05
135,0,7.083156801299321,yes,Crossed,4,7.81464557342437,2,C,0.05
136,0,8.102331429652693,yes,Crossed,8,4.980177752195068,2,C,0.05
137,0,-0.5229522870975367,yes,Went back to the sidewalk,6,6.976692245351539,2,C,0.05
138,0,-0.5991977574486779,yes,Went back to the sidewalk,5,3.3707164394644744,2,C,0.05
139,0,2.6677276126058374,no,dead,5,3.7757484416769245,2,C,0.05
140,0,-0.5585597283604951,yes,Went back to the sidewalk,8,4.421499354548665,2,C,0.05
141,0,7.405841852375056,yes,Crossed,8,9.068189514902544,2,C,0.05
142,0,-0.6884742969203415,yes,Went back to the sidewalk,4,1.8696822219587814,2,C,0.05
143,0,-0.15249978001441922,yes,Went back to the sidewalk,5,2.8083430316208187,2,C,0.05
144,0,5.967845629693447,no,dead,4,1.6156362319507567,2,C,0.05
145,0,-0.6000885408295593,yes,Went back to the sidewalk,4,3.6971924526330686,2,C,0.05
146,0,-1.236218024162991,yes,Went back to the sidewalk,12,12.09013850265882,2,C,0.05
147,0,7.441613205999776,yes,Crossed,8,7.111875690630805,2,C,0.05
148,0,-0.3588090046489143,yes,Went back to the sidewalk,10,7.094757566938911,2,C,0.05
149,0,-1.02528475795032,yes,Went back to the sidewalk,13,11.47236836266799,2,C,0.05
150,0,-0.4059952301764911,yes,Went back to the sidewalk,4,1.3890709324913948,2,C,0.05
151,0,7.980108907986834,yes,Crossed,9,7.289771893473869,2,C,0.05
152,0,-0.6687598874883078,yes,Went back to the sidewalk,3,4.54486975989048,2,C,0.05
153,0,-0.814890659813017,yes,Went back to the sidewalk,6,8.641310878843484,2,C,0.05
154,0,-0.8218189395177407,yes,Went back to the sidewalk,3,1.8190138660066366,2,C,0.05
155,0,-0.1944000460836215,yes,Went back to the sidewalk,4,4.254398024689294,2,C,0.05
156,0,-1.2909020627459749,yes,Went back to the sidewalk,4,2.82697790308314,2,C,0.05
157,0,8.168299488385198,yes,Crossed,13,11.765035189697397,2,C,0.05
158,0,-0.2327234188280165,yes,Went back to the sidewalk,10,6.876145218111497,2,C,0.05
159,0,7.659531374536992,yes,Crossed,4,1.9970822071046959,2,C,0.05
160,0,5.8323863542262835,no,dead,7,3.181516045236287,2,C,0.05
161,0,7.790566491183539,yes,Crossed,5,1.5205646784273728,2,C,0.05
162,0,-1.1828362182093075,yes,Went back to the sidewalk,6,5.498610031259003,2,C,0.05
163,0,-0.03176667336007978,yes,Went back to the sidewalk,4,2.2122912248228506,2,C,0.05
164,0,-0.1508993297184903,yes,Went back to the sidewalk,4,1.5223275796906381,2,C,0.05
165,0,2.981389353888997,no,dead,3,2.383194825836763,2,C,0.05
166,0,8.570127513009332,yes,Crossed,8,11.914921267112307,2,C,0.05
167,0,7.229649768080479,yes,Crossed,5,4.391726987995616,2,C,0.05
168,0,-0.3756231794607383,yes,Went back to the sidewalk,9,7.811007226499512,2,C,0.05
169,0,8.57920051178526,yes,Crossed,8,8.096502499486794,2,C,0.05
170,0,1.9010420913448112,no,dead,5,8.343210704955249,2,C,0.05
171,0,7.859944642650764,yes,Crossed,4,6.971540413189428,2,C,0.05
172,0,8.44896661198608,yes,Crossed,5,5.68554154367619,2,C,0.05
173,0,-0.07197644572179307,yes,Went back to the sidewalk,3,2.5744146936909447,2,C,0.05
174,0,7.0425147573760745,yes,Crossed,11,14.880710389173599,2,C,0.05
175,0,-0.016473500261178442,yes,Went back to the sidewalk,3,3.3350986904925226,2,C,0.05
176,0,-0.25299326261345156,yes,Went back to the sidewalk,5,5.884846662534713,2,C,0.05
177,0,7.249913255360221,yes,Crossed,4,2.226974976925892,2,C,0.05
178,0,8.236868256228455,yes,Crossed,9,9.385598488143822,2,C,0.05
179,0,7.399960902646984,yes,Crossed,5,4.062317574665687,2,C,0.05
180,0,1.5893325509231575,no,dead,10,5.10084991030704,2,C,0.05
181,0,7.393046808519264,yes,Crossed,9,6.240089202077548,2,C,0.05
182,0,-0.5902752820096866,yes,Went back to the sidewalk,4,3.588407502650186,2,C,0.05
183,0,-1.864415293526348,yes,Went back to the sidewalk,4,6.835669374002927,2,C,0.05
184,0,8.613592155671869,yes,Crossed,7,3.3811475105065965,2,C,0.05
185,0,7.272801198088093,yes,Crossed,11,13.88237239564777,2,C,0.05
186,0,7.257650639431859,yes,Crossed,4,8.031014992121573,2,C,0.05
187,0,7.130294865251651,yes,Crossed,6,5.15845545048048,2,C,0.05
188,0,-1.090423171008368,yes,Went back to the sidewalk,9,6.4709713767983335,2,C,0.05
189,0,2.3757912265563323,no,dead,2,1.488275031576402,2,C,0.05
190,0,-0.43490962256740273,yes,Went back to the sidewalk,13,7.820592227081476,2,C,0.05
191,0,-1.211160565937507,yes,Went back to the sidewalk,8,6.851370184839089,2,C,0.05
192,0,-0.25803685056012726,yes,Went back to the sidewalk,6,5.749116890062523,2,C,0.05
193,0,8.002289743780972,yes,Crossed,7,6.334063092898464,2,C,0.05
194,0,7.693841642828879,yes,Crossed,4,5.723853477941577,2,C,0.05
195,0,1.7607502245035844,no,dead,4,4.196260617000086,2,C,0.05
196,0,5.5876281651147925,no,dead,14,15.079374621462602,2,C,0.05
197,0,-0.32006279154140316,yes,Went back to the sidewalk,3,2.2979914343348806,2,C,0.05
198,0,-0.847156724750455,yes,Went back to the sidewalk,4,3.3478964686948984,2,C,0.05
199,0,-0.745476760978645,yes,Went back to the sidewalk,13,9.72954534507982,2,C,0.05
200,0,7.477335198134711,yes,Crossed,6,4.667572088824667,2,C,0.05
201,0,-0.12331604302336285,yes,Went back to the sidewalk,3,4.575779111251796,2,C,0.05
202,0,-1.0555443773666142,yes,Went back to the sidewalk,13,12.285813885405716,2,C,0.05
203,0,-0.05652116248900748,yes,Went back to the sidewalk,4,2.503406530847222,2,C,0.05
204,0,7.928876695375184,yes,Crossed,30,35.29882815617409,2,C,0.05
205,0,-0.08533264036721011,yes,Went back to the sidewalk,4,4.800200102787442,2,C,0.05
206,0,-1.7191111100230214,yes,Went back to the sidewalk,4,5.078645388904233,2,C,0.05
207,0,8.72557099397444,yes,Crossed,16,18.06897080572136,2,C,0.05
208,0,2.799738342593274,no,dead,2,1.0842623783081675,2,C,0.05
209,0,7.201321791026869,yes,Crossed,13,5.11481883031525,2,C,0.05
210,0,7.027744753507859,yes,Crossed,5,3.904583287179436,2,C,0.05
211,0,-0.1986428541481784,yes,Went back to the sidewalk,21,20.604941876387205,2,C,0.05
212,0,8.451265891818249,yes,Crossed,5,6.151844552024241,2,C,0.05
213,0,7.080723543892999,yes,Crossed,5,6.574728362477392,2,C,0.05
214,0,7.0848679232714336,yes,Crossed,4,3.4390293826970537,2,C,0.05
215,0,7.176842272268182,yes,Crossed,7,9.263976254139349,2,C,0.05
216,0,8.48025962212902,yes,Crossed,6,5.806200899790276,2,C,0.05
217,0,-0.8402480812347484,yes,Went back to the sidewalk,5,2.6187839441573106,2,C,0.05
218,0,-0.7951788719975903,yes,Went back to the sidewalk,3,3.2698063656553717,2,C,0.05
219,0,7.707752847313945,yes,Crossed,5,4.166611606165648,2,C,0.05
220,0,-1.0639484216509212,yes,Went back to the sidewalk,5,9.66032549204388,2,C,0.05
221,0,-1.1143690108365865,yes,Went back to the sidewalk,5,3.110161502499328,2,C,0.05
222,0,7.5019341425151085,yes,Crossed,15,16.539843915429195,2,C,0.05
223,0,7.595322296298131,yes,Crossed,7,6.534545300885211,2,C,0.05
224,0,-0.3529309719311049,yes,Went back to the sidewalk,6,9.52838890098354,2,C,0.05
225,0,7.5852302239167475,yes,Crossed,4,6.293159512859239,2,C,0.05
226,0,-0.3803729708063073,yes,Went back to the sidewalk,6,2.9033823816097857,2,C,0.05
227,0,6.43699761673299,no,dead,4,1.458635231497032,2,C,0.05
228,0,-1.2920674707631268,yes,Went back to the sidewalk,4,6.13172146959082,2,C,0.05
229,0,7.445713276119254,yes,Crossed,4,2.3891172094770154,2,C,0.05
230,0,7.223997997508461,yes,Crossed,4,3.1815927722904074,2,C,0.05
231,0,-0.6646957655699106,yes,Went back to the sidewalk,5,7.227343840586396,2,C,0.05
232,0,-1.7008960755127347,yes,Went back to the sidewalk,5,4.685309933760949,2,C,0.05
233,0,-0.5497839752711732,yes,Went back to the sidewalk,4,3.53876865603163,2,C,0.05
234,0,8.443264302722252,yes,Crossed,6,5.279198800956115,2,C,0.05
235,0,-0.739697658284681,yes,Went back to the sidewalk,10,14.64286110435781,2,C,0.05
236,0,8.447334465408693,yes,Crossed,11,10.478972730540248,2,C,0.05
237,0,-1.5600215955509087,yes,Went back to the sidewalk,8,10.158207415558756,2,C,0.05
238,0,8.039145885791248,yes,Crossed,7,8.024152871592374,2,C,0.05
239,0,8.978823432644619,yes,Crossed,5,3.1663137149940095,2,C,0.05
240,0,-0.5096403316042544,yes,Went back to the sidewalk,5,6.100749546601991,2,C,0.05
241,0,-0.2671482735887323,yes,Went back to the sidewalk,11,11.58054786992491,2,C,0.05
242,0,8.161046662604523,yes,Crossed,5,7.363493002966784,2,C,0.05
243,0,-0.23530020442312516,yes,Went back to the sidewalk,3,1.8457542202197574,2,C,0.05
244,0,-0.36394094772117636,yes,Went back to the sidewalk,4,7.4354835383932025,2,C,0.05
245,0,1.7651709086316232,no,dead,4,4.8673575044832225,2,C,0.05
246,0,-0.8683273257805113,yes,Went back to the sidewalk,10,4.447290438057851,2,C,0.05
247,0,-0.39906008923597325,yes,Went back to the sidewalk,3,1.6673304818618238,2,C,0.05
248,0,-0.1631089072057441,yes,Went back to the sidewalk,4,4.993467217063951,2,C,0.05
249,0,-0.19578992009697738,yes,Went back to the sidewalk,8,5.50389244908791,2,C,0.05
250,0,7.298349034675798,yes,Crossed,5,4.563668554210649,2,C,0.05
251,0,5.023211178009651,no,dead,3,6.998458439880154,2,C,0.05
252,0,7.880713638703032,yes,Crossed,9,11.779697234550895,2,C,0.05
253,0,8.284436166805387,yes,Crossed,7,5.830461676778177,2,C,0.05
254,0,7.098904522082737,yes,Crossed,6,4.530091327137912,2,C,0.05
255,0,7.484296193306676,yes,Crossed,6,4.57438236451293,2,C,0.05
256,0,-0.6967483223531399,yes,Went back to the sidewalk,4,7.974090351360051,2,C,0.05
257,0,7.323083799604504,yes,Crossed,6,7.525902850202918,2,C,0.05
258,0,7.934228985950135,yes,Crossed,5,2.95653399725807,2,C,0.05
259,0,7.742999517192513,yes,Crossed,5,3.764940507269789,2,C,0.05
260,0,6.4755660208806045,no,dead,4,4.022169582750449,2,C,0.05
261,0,8.664956833114195,yes,Crossed,8,5.14997442238236,2,C,0.05
262,0,7.436630730396728,yes,Crossed,5,2.325499502370141,2,C,0.05
263,0,-0.5556102561997731,yes,Went back to the sidewalk,6,8.962709994916233,2,C,0.05
264,0,-0.9826677388158462,yes,Went back to the sidewalk,9,11.36920015129654,2,C,0.05
265,0,5.028951799265068,no,dead,3,5.03822586277555,2,C,0.05
266,0,-0.8185609790458552,yes,Went back to the sidewalk,6,6.05839673289102,2,C,0.05
267,0,7.359847108981855,yes,Crossed,5,5.603045720683828,2,C,0.05
268,0,8.742511720722497,yes,Crossed,5,5.560534805153894,2,C,0.05
269,0,7.093418032849427,yes,Crossed,6,5.058306835481574,2,C,0.05
270,0,-0.0033368183444002497,yes,Went back to the sidewalk,10,6.412523832724775,2,C,0.05
271,0,7.860474936371793,yes,Crossed,11,11.676158465408873,2,C,0.05
272,0,-0.3711897583987833,yes,Went back to the sidewalk,5,4.696714169043505,2,C,0.05
273,0,-1.1637389489333967,yes,Went back to the sidewalk,6,8.160341278726381,2,C,0.05
274,0,5.228004282483029,no,dead,9,10.468778519923216,2,C,0.05
275,0,-0.9011938620101679,yes,Went back to the sidewalk,4,6.624786644449641,2,C,0.05
276,0,6.9372582186256135,no,dead,9,11.248215187743309,2,C,0.05
277,0,-0.40163142256714757,yes,Went back to the sidewalk,12,11.0595612141599,2,C,0.05
278,0,7.00144433807284,yes,Crossed,7,6.881523675457787,2,C,0.05
279,0,8.576216752240647,yes,Crossed,6,3.1497944905959407,2,C,0.05
280,0,7.84214692535676,yes,Crossed,9,8.316609082935575,2,C,0.05
281,0,2.6876471844348075,no,dead,2,1.6306536719376405,2,C,0.05
282,0,-0.7054679803173489,yes,Went back to the sidewalk,4,2.4296038791623458,2,C,0.05
283,0,2.019531384559677,no,dead,8,13.119723965044876,2,C,0.05
284,0,7.525421114717475,yes,Crossed,9,16.856848302486245,2,C,0.05
285,0,-0.30967651966217025,yes,Went back to the sidewalk,9,9.357958243934002,2,C,0.05
286,0,8.821276872171332,yes,Crossed,5,3.731853800681698,2,C,0.05
287,0,7.9459248954837625,yes,Crossed,8,6.770540857829225,2,C,0.05
288,0,-1.9974505635880477,yes,Went back to the sidewalk,5,3.8635372022104852,2,C,0.05
289,0,8.028834549143784,yes,Crossed,5,6.067043270231226,2,C,0.05
290,0,8.321411272574899,yes,Crossed,5,6.758611679124939,2,C,0.05
291,0,-1.3296439288287973,yes,Went back to the sidewalk,14,23.431643911153827,2,C,0.05
292,0,-0.027868032319785296,yes,Went back to the sidewalk,5,2.7711957958303928,2,C,0.05
293,0,-1.306318403227667,yes,Went back to the sidewalk,8,10.478770648948904,2,C,0.05
294,0,-0.5960731643928916,yes,Went back to the sidewalk,8,5.913076802439555,2,C,0.05
295,0,5.4747496268047735,no,dead,3,1.8845854054300881,2,C,0.05
296,0,7.353030486951118,yes,Crossed,8,8.351011804041944,2,C,0.05
297,0,2.268342461388669,no,dead,4,3.3883112859083018,2,C,0.05
298,0,8.055653810340804,yes,Crossed,14,11.977293214112564,2,C,0.05
299,0,7.218862616866787,yes,Crossed,6,6.043057235348176,2,C,0.05
300,0,-0.4407542438639531,yes,Went back to the sidewalk,14,13.931712548874895,2,C,0.05
301,0,7.13823617003405,yes,Crossed,4,1.450202707286624,2,C,0.05
302,0,7.2577160934009965,yes,Crossed,5,4.324052207262129,2,C,0.05
303,0,6.262741677434516,no,dead,7,7.2317737725962195,2,C,0.05
304,0,6.532375096136571,no,dead,4,2.8323847108332427,2,C,0.05
305,0,-1.5368900202707825,yes,Went back to the sidewalk,9,13.649127808203453,2,C,0.05
306,0,7.6534785890033605,yes,Crossed,18,20.322843114043067,2,C,0.05
307,0,8.69113801689881,yes,Crossed,7,6.828890147217976,2,C,0.05
308,0,7.62020442192639,yes,Crossed,6,9.30478799876028,2,C,0.05
309,0,-1.0695110761744253,yes,Went back to the sidewalk,12,12.652053198511755,2,C,0.05
310,0,-0.02108663156843682,yes,Went back to the sidewalk,3,3.6778921881751843,2,C,0.05
311,0,-0.4322521534724768,yes,Went back to the sidewalk,6,9.139125305623276,2,C,0.05
312,0,8.095951515477422,yes,Crossed,19,23.386157589795967,2,C,0.05
313,0,7.885685201113418,yes,Crossed,5,5.231315139638341,2,C,0.05
314,0,7.089649797890861,yes,Crossed,5,4.888682598403556,2,C,0.05
315,0,8.34891310165841,yes,Crossed,6,9.471004162422673,2,C,0.05
316,0,-0.9395342816786352,yes,Went back to the sidewalk,7,10.85912024031753,2,C,0.05
317,0,5.094788588713412,no,dead,3,3.4450542712177468,2,C,0.05
318,0,7.204313868181689,yes,Crossed,5,6.255929868437554,2,C,0.05
319,0,-0.5121655773207778,yes,Went back to the sidewalk,6,7.8045330907802555,2,C,0.05
320,0,-0.5010949015861321,yes,Went back to the sidewalk,3,2.7937155559395865,2,C,0.05
321,0,-0.3377073484164139,yes,Went back to the sidewalk,3,2.0137571090582047,2,C,0.05
322,0,-0.8480244441424731,yes,Went back to the sidewalk,4,2.123858449642576,2,C,0.05
323,0,-0.1754749781207452,yes,Went back to the sidewalk,3,1.4548168768014262,2,C,0.05
324,0,7.317033723251184,yes,Crossed,6,3.6956405352162984,2,C,0.05
325,0,7.028915324804551,yes,Crossed,6,5.996110466983617,2,C,0.05
326,0,8.622512742499369,yes,Crossed,6,4.0692822644217115,2,C,0.05
327,0,-0.18350084286635138,yes,Went back to the sidewalk,9,13.377173757664378,2,C,0.05
328,0,7.2964040505149725,yes,Crossed,5,6.294100343483739,2,C,0.05
329,0,7.980249945129559,yes,Crossed,5,4.009073272447051,2,C,0.05
330,0,-0.02416768769790134,yes,Went back to the sidewalk,7,7.023575151433867,2,C,0.05
331,0,-0.06265809303064385,yes,Went back to the sidewalk,8,5.694673480305841,2,C,0.05
332,0,7.8203641772634835,yes,Crossed,8,4.3604954857475535,2,C,0.05
333,0,7.134720654095392,yes,Crossed,5,3.8840797861150014,2,C,0.05
334,0,7.7186323705504485,yes,Crossed,5,5.8056932395512755,2,C,0.05
335,0,8.925567125186928,yes,Crossed,10,10.229800628091294,2,C,0.05
336,0,-1.06841695121609,yes,Went back to the sidewalk,10,8.141261697737878,2,C,0.05
337,0,7.240535463877362,yes,Crossed,4,3.725604996380915,2,C,0.05
338,0,7.553339789643869,yes,Crossed,12,8.592586058563274,2,C,0.05
339,0,-1.3554137764677725,yes,Went back to the sidewalk,9,7.630652797374769,2,C,0.05
340,0,1.7441396973967112,no,dead,2,2.088654334018328,2,C,0.05
341,0,-0.9339905446857117,yes,Went back to the sidewalk,8,6.100848940145614,2,C,0.05
342,0,7.342799190559643,yes,Crossed,4,4.056901114604427,2,C,0.05
343,0,-0.13830447755221398,yes,Went back to the sidewalk,3,1.0661151845623618,2,C,0.05
344,0,-1.5390069625881548,yes,Went back to the sidewalk,14,18.650194276052055,2,C,0.05
345,0,8.295842585053478,yes,Crossed,5,3.391011989614138,2,C,0.05
346,0,-0.26228933746061545,yes,Went back to the sidewalk,3,3.3903855064117128,2,C,0.05
347,0,2.2409667383885106,no,dead,2,1.137621612934177,2,C,0.05
348,0,-0.3655703082245174,yes,Went back to the sidewalk,3,2.0232437994349426,2,C,0.05
349,0,7.693212428222085,yes,Crossed,12,7.020418858858792,2,C,0.05
350,0,5.504282939722485,no,dead,3,2.4760247844637617,2,C,0.05
351,0,7.23461187775435,yes,Crossed,5,6.010607022262528,2,C,0.05
352,0,1.9134765259521238,no,dead,3,6.796231225996647,2,C,0.05
353,0,-0.13095455397992395,yes,Went back to the sidewalk,5,5.0477037648715575,2,C,0.05
354,0,8.600710593816176,yes,Crossed,6,3.990538212952703,2,C,0.05
355,0,-0.10824451641806809,yes,Went back to the sidewalk,8,5.986510985918141,2,C,0.05
356,0,5.611097899160684,no,dead,4,4.248738169259216,2,C,0.05
357,0,-0.4188279809141744,yes,Went back to the sidewalk,7,4.725785452186901,2,C,0.05
358,0,-0.01805900307328101,yes,Went back to the sidewalk,6,4.996925156990401,2,C,0.05
359,0,-0.8191558368820584,yes,Went back to the sidewalk,4,7.060230644170065,2,C,0.05
360,0,-0.17249210635781398,yes,Went back to the sidewalk,13,11.659122975075343,2,C,0.05
361,0,-0.6323074926065051,yes,Went back to the sidewalk,3,2.649377319218714,2,C,0.05
362,0,7.136655385145649,yes,Crossed,6,9.14622869370558,2,C,0.05
363,0,-0.46108401091800877,yes,Went back to the sidewalk,9,9.06665711446588,2,C,0.05
364,0,7.299870816842139,yes,Crossed,7,6.513331527377709,2,C,0.05
365,0,8.657017679127307,yes,Crossed,7,6.4389661519647925,2,C,0.05
366,0,-0.2615822847463851,yes,Went back to the sidewalk,3,3.7062303106296666,2,C,0.05
367,0,7.0779515374515976,yes,Crossed,5,9.199838856096871,2,C,0.05
368,0,7.300918876919773,yes,Crossed,6,5.671931891953964,2,C,0.05
369,0,8.004479465722198,yes,Crossed,5,3.559628477079125,2,C,0.05
370,0,5.6637498031243,no,dead,5,6.639605260565515,2,C,0.05
371,0,8.60258680739724,yes,Crossed,18,18.132514279297645,2,C,0.05
372,0,2.5266557253534283,no,dead,3,5.608576442258738,2,C,0.05
373,0,-0.6846988332331638,yes,Went back to the sidewalk,3,1.649191371232967,2,C,0.05
374,0,8.32240964444006,yes,Crossed,5,3.625876628316684,2,C,0.05
375,0,-0.8922031204130457,yes,Went back to the sidewalk,12,8.230288238951898,2,C,0.05
376,0,7.3497545513800855,yes,Crossed,5,5.094588570210805,2,C,0.05
377,0,-0.13621439390295564,yes,Went back to the sidewalk,3,2.441214258894979,2,C,0.05
378,0,-0.07321961054515147,yes,Went back to the sidewalk,11,14.95288060603938,2,C,0.05
379,0,-0.22662746544467116,yes,Went back to the sidewalk,4,2.5635096231062784,2,C,0.05
380,0,6.306577711095712,no,dead,8,10.23724852864642,2,C,0.05
381,0,7.83284649502886,yes,Crossed,4,2.9823241751382508,2,C,0.05
382,0,7.851817102208273,yes,Crossed,11,8.712614087349337,2,C,0.05
383,0,7.097833530119376,yes,Crossed,7,8.887519359675922,2,C,0.05
384,0,7.204820482854462,yes,Crossed,5,5.751211684961593,2,C,0.05
385,0,-0.7724943375096143,yes,Went back to the sidewalk,3,5.40063073732144,2,C,0.05
386,0,-0.5268659972885581,yes,Went back to the sidewalk,7,7.003675220162778,2,C,0.05
387,0,-0.9976746700030021,yes,Went back to the sidewalk,5,3.875266668125564,2,C,0.05
388,0,7.366829561406427,yes,Crossed,10,11.31182559801343,2,C,0.05
389,0,7.541476961403468,yes,Crossed,5,2.095106820843769,2,C,0.05
390,0,7.715835094034475,yes,Crossed,5,4.274939708005043,2,C,0.05
391,0,8.755343208185357,yes,Crossed,14,20.841576920870132,2,C,0.05
392,0,1.593741807523634,no,dead,2,1.8800252290116153,2,C,0.05
393,0,8.310080316980509,yes,Crossed,12,9.195385440727645,2,C,0.05
394,0,-1.1579849944975815,yes,Went back to the sidewalk,4,1.8464111054427175,2,C,0.05
395,0,-0.76777456136145,yes,Went back to the sidewalk,4,4.544474733258946,2,C,0.05
396,0,-0.3204864564770591,yes,Went back to the sidewalk,3,3.604598905951944,2,C,0.05
397,0,7.195314555994562,yes,Crossed,6,9.896797394479627,2,C,0.05
398,0,-0.35528787441782617,yes,Went back to the sidewalk,4,4.30946109371458,2,C,0.05
399,0,-1.4955641947010412,yes,Went back to the sidewalk,4,5.4107287950012495,2,C,0.05
400,0,7.485064666792647,yes,Crossed,4,3.7821616093768395,2,C,0.05
401,0,-1.0783962629727195,yes,Went back to the sidewalk,6,6.9984549404744145,2,C,0.05
402,0,-1.002653257863981,yes,Went back to the sidewalk,11,6.886839274003689,2,C,0.05
403,0,-0.42502317689653135,yes,Went back to the sidewalk,12,11.28134252280993,2,C,0.05
404,0,1.398961203039641,no,dead,4,2.8180577225328993,2,C,0.05
405,0,7.82284897116477,yes,Crossed,9,6.250319935091613,2,C,0.05
406,0,-0.7947666582509052,yes,Went back to the sidewalk,9,6.83462463896332,2,C,0.05
407,0,7.12385383510045,yes,Crossed,8,6.441625701329975,2,C,0.05
408,0,-0.029240459273396358,yes,Went back to the sidewalk,6,4.037615542907021,2,C,0.05
409,0,-1.8611986706517203,yes,Went back to the sidewalk,12,17.484900641570572,2,C,0.05
410,0,-1.4821618258943938,yes,Went back to the sidewalk,4,5.804584862400332,2,C,0.05
411,0,7.604940767051373,yes,Crossed,12,13.65267136032586,2,C,0.05
412,0,5.3835182059895486,no,dead,5,5.14272999978658,2,C,0.05
413,0,-0.2622824165473463,yes,Went back to the sidewalk,4,2.323513513534863,2,C,0.05
414,0,6.113057302304805,no,dead,6,8.215860943833663,2,C,0.05
415,0,7.553565181776862,yes,Crossed,5,3.074581199942541,2,C,0.05
416,0,7.625128039521452,yes,Crossed,4,5.1564534333055505,2,C,0.05
417,0,-0.7883009451929099,yes,Went back to the sidewalk,3,4.328498222755416,2,C,0.05
418,0,7.30878387492516,yes,Crossed,5,4.991207233387563,2,C,0.05
419,0,6.070143564271287,no,dead,12,13.95443459554166,2,C,0.05
420,0,8.305059803984307,yes,Crossed,11,7.356633929146471,2,C,0.05
421,0,-0.24960970611353517,yes,Went back to the sidewalk,7,6.438497620620733,2,C,0.05
422,0,2.21981557666381,no,dead,2,2.4514039781684116,2,C,0.05
423,0,8.298144005586845,yes,Crossed,8,9.713240018135082,2,C,0.05
424,0,1.3591886534964777,no,dead,8,13.47901247730992,2,C,0.05
425,0,7.596277681383585,yes,Crossed,10,9.521037237432461,2,C,0.05
426,0,2.678542632797047,no,dead,7,7.890162911060034,2,C,0.05
427,0,5.0048651523851895,no,dead,3,3.8134529300558753,2,C,0.05
428,0,-1.101724957779569,yes,Went back to the sidewalk,10,9.243558003843724,2,C,0.05
429,0,-0.7127702836197143,yes,Went back to the sidewalk,4,4.131939211591241,2,C,0.05
430,0,-1.5509851392377283,yes,Went back to the sidewalk,7,4.75290880631519,2,C,0.05
431,0,-0.9707361354849796,yes,Went back to the sidewalk,5,3.0724235443469317,2,C,0.05
432,0,-1.7703720881634866,yes,Went back to the sidewalk,13,9.126056855395822,2,C,0.05
433,0,-0.5418500569609049,yes,Went back to the sidewalk,5,6.407392324287916,2,C,0.05
434,0,7.31870099795564,yes,Crossed,14,12.989027935686869,2,C,0.05
435,0,-0.4030593363658881,yes,Went back to the sidewalk,3,3.5507959288582907,2,C,0.05
436,0,-1.303674940782645,yes,Went back to the sidewalk,4,4.69783444630361,2,C,0.05
437,0,7.923424692854208,yes,Crossed,6,4.421945195188103,2,C,0.05
438,0,7.457223094997028,yes,Crossed,7,9.411618316435154,2,C,0.05
439,0,8.818938750960555,yes,Crossed,11,9.855575525977208,2,C,0.05
440,0,-1.3425747837809554,yes,Went back to the sidewalk,9,7.703877041781933,2,C,0.05
441,0,-0.49793261552695456,yes,Went back to the sidewalk,4,4.020743488278379,2,C,0.05
442,0,5.1381179689532015,no,dead,8,9.107624500058302,2,C,0.05
443,0,7.707788807247949,yes,Crossed,10,10.059262808502194,2,C,0.05
444,0,7.186445058282304,yes,Crossed,6,3.9004927787894648,2,C,0.05
445,0,7.275543616102481,yes,Crossed,12,13.706586677319343,2,C,0.05
446,0,7.209843485144425,yes,Crossed,8,7.637853362699604,2,C,0.05
447,0,-0.8215565415152,yes,Went back to the sidewalk,11,9.49914725900162,2,C,0.05
448,0,6.893484705435265,no,dead,6,5.012662361525242,2,C,0.05
449,0,2.4913273711321455,no,dead,4,9.483603724853303,2,C,0.05
450,0,-0.2524425082663484,yes,Went back to the sidewalk,17,10.80434634066089,2,C,0.05
451,0,-1.1722091467759332,yes,Went back to the sidewalk,10,10.044193105535163,2,C,0.05
452,0,-0.22957101750100029,yes,Went back to the sidewalk,5,3.5898663210909514,2,C,0.05
453,0,1.3621740398382178,no,dead,7,6.553829959578903,2,C,0.05
454,0,8.566611409315055,yes,Crossed,6,11.44463757384434,2,C,0.05
455,0,8.304705548817134,yes,Crossed,6,8.602170105715594,2,C,0.05
456,0,7.373543708895833,yes,Crossed,4,1.8474819272950085,2,C,0.05
457,0,8.214600500392926,yes,Crossed,5,11.37067412325996,2,C,0.05
458,0,-0.41250555107185827,yes,Went back to the sidewalk,6,8.556833085652533,2,C,0.05
459,0,7.433339406910671,yes,Crossed,5,4.857047286897629,2,C,0.05
460,0,5.356881197141801,no,dead,5,5.606169668470646,2,C,0.05
461,0,-1.563373520140794,yes,Went back to the sidewalk,8,8.292157670677732,2,C,0.05
462,0,7.835199524893878,yes,Crossed,8,9.946042350480745,2,C,0.05
463,0,-0.043416909135198356,yes,Went back to the sidewalk,3,3.385389769894645,2,C,0.05
464,0,7.356956934361147,yes,Crossed,5,12.383409851996621,2,C,0.05
465,0,7.667292854586611,yes,Crossed,4,3.787781291495719,2,C,0.05
466,0,-0.053972090626764446,yes,Went back to the sidewalk,3,2.8151040022470966,2,C,0.05
467,0,7.241087074264095,yes,Crossed,7,6.955743509667972,2,C,0.05
468,0,-0.0723476069524076,yes,Went back to the sidewalk,11,3.605175609534927,2,C,0.05
469,0,-0.12478114780684502,yes,Went back to the sidewalk,4,1.4884477656258739,2,C,0.05
470,0,-0.18404930845921275,yes,Went back to the sidewalk,5,3.1696511823708433,2,C,0.05
471,0,8.442067109447942,yes,Crossed,5,6.089779309103222,2,C,0.05
472,0,-1.0590884746066336,yes,Went back to the sidewalk,4,1.7748107175801684,2,C,0.05
473,0,8.057691909260274,yes,Crossed,22,19.694153942216897,2,C,0.05
474,0,-0.5240204881850785,yes,Went back to the sidewalk,6,4.61183271772558,2,C,0.05
475,0,-0.3643190971064847,yes,Went back to the sidewalk,7,5.1086266541679075,2,C,0.05
476,0,-0.6856878042884513,yes,Went back to the sidewalk,4,2.1539839244203867,2,C,0.05
477,0,2.7254275360659226,no,dead,4,5.351227959153913,2,C,0.05
478,0,-0.1535938603946121,yes,Went back to the sidewalk,10,14.018088361889884,2,C,0.05
479,0,8.545399926847526,yes,Crossed,11,17.0543947226322,2,C,0.05
480,0,-0.04080711514738522,yes,Went back to the sidewalk,3,4.516303218218404,2,C,0.05
481,0,-0.6723177750883568,yes,Went back to the sidewalk,6,4.353194183235281,2,C,0.05
482,0,7.405236061391086,yes,Crossed,6,7.467844026828898,2,C,0.05
483,0,7.207278345092001,yes,Crossed,7,9.978628457095319,2,C,0.05
484,0,6.767204335092147,no,dead,10,5.301774566121832,2,C,0.05
485,0,-1.4469265205876352,yes,Went back to the sidewalk,6,6.650679579411299,2,C,0.05
486,0,-1.0461877286161694,yes,Went back to the sidewalk,8,6.850660243673978,2,C,0.05
487,0,7.759225689267934,yes,Crossed,7,15.875823091028808,2,C,0.05
488,0,-0.3552301903640416,yes,Went back to the sidewalk,4,5.105064638377005,2,C,0.05
489,0,-0.29577837715608024,yes,Went back to the sidewalk,9,13.15757980162105,2,C,0.05
490,0,7.355859214425239,yes,Crossed,4,1.9872788807336264,2,C,0.05
491,0,-1.5224214585092033,yes,Went back to the sidewalk,5,5.0346578268379085,2,C,0.05
492,0,7.000362615545437,yes,Crossed,4,2.4508353730744203,2,C,0.05
493,0,7.800780155855199,yes,Crossed,4,3.907237000749023,2,C,0.05
494,0,-1.1495105342965704,yes,Went back to the sidewalk,5,3.436577583276037,2,C,0.05
495,0,7.67463671140409,yes,Crossed,8,5.819171373912219,2,C,0.05
496,0,7.184048253300748,yes,Crossed,5,3.369009554503874,2,C,0.05
497,0,8.153324324472477,yes,Crossed,5,7.97521976296823,2,C,0.05
498,0,7.822670107515484,yes,Crossed,6,5.2619722399477045,2,C,0.05
499,0,7.473459266836807,yes,Crossed,5,7.174012939103838,2,C,0.05
500,0,-0.7613429808690872,yes,Went back to the sidewalk,6,1.6908613204473975,2,C,0.05
501,0,-1.5653684606360678,yes,Went back to the sidewalk,7,6.3809355704084325,2,C,0.05
502,0,8.34932929919414,yes,Crossed,5,2.2756942389170156,2,C,0.05
503,0,-0.4490417800734072,yes,Went back to the sidewalk,3,4.278537034558502,2,C,0.05
504,0,-1.0494511673292686,yes,Went back to the sidewalk,7,4.644992982970858,2,C,0.05
505,0,5.857298823408147,no,dead,3,1.775689360828692,2,C,0.05
506,0,7.7637908890444205,yes,Crossed,12,10.10537508793028,2,C,0.05
507,0,-0.7275830133622804,yes,Went back to the sidewalk,7,8.037952975730958,2,C,0.05
508,0,-0.027799585174601793,yes,Went back to the sidewalk,6,5.339795470392043,2,C,0.05
509,0,-0.9688393248151885,yes,Went back to the sidewalk,5,4.494456310029299,2,C,0.05
510,0,-0.22102356899883324,yes,Went back to the sidewalk,4,3.0077865533143395,2,C,0.05
511,0,7.44297397252842,yes,Crossed,6,7.650482821948222,2,C,0.05
512,0,7.031251725371307,yes,Crossed,13,11.778371238590916,2,C,0.05
513,0,8.357407375903366,yes,Crossed,5,6.286805011208546,2,C,0.05
514,0,7.024346102552495,yes,Crossed,7,7.099088115975153,2,C,0.05
515,0,7.964269101749899,yes,Crossed,5,3.3491725231233525,2,C,0.05
516,0,8.301259152126494,yes,Crossed,5,2.2216813396011657,2,C,0.05
517,0,-0.06193287364324518,yes,Went back to the sidewalk,8,5.338154928022275,2,C,0.05
518,0,-1.344131511741529,yes,Went back to the sidewalk,7,8.359702109985657,2,C,0.05
519,0,-1.7407269454457395,yes,Went back to the sidewalk,4,2.325159426886331,2,C,0.05
520,0,-1.2330225821393739,yes,Went back to the sidewalk,5,6.307251489962455,2,C,0.05
521,0,-0.6150060417302483,yes,Went back to the sidewalk,6,3.542717798252542,2,C,0.05
522,0,-0.017401537265173017,yes,Went back to the sidewalk,6,5.71414315864554,2,C,0.05
523,0,7.686915056874603,yes,Crossed,5,2.3278160819720477,2,C,0.05
524,0,-1.4012095361140293,yes,Went back to the sidewalk,4,4.3938264457211655,2,C,0.05
525,0,7.077233384050537,yes,Crossed,8,5.356123355862935,2,C,0.05
526,0,-0.768112256504565,yes,Went back to the sidewalk,11,13.387529874044533,2,C,0.05
527,0,7.369285481696087,yes,Crossed,5,1.817842147113606,2,C,0.05
528,0,-0.8967566829217757,yes,Went back to the sidewalk,3,1.7685178338201684,2,C,0.05
529,0,7.956136388233017,yes,Crossed,5,2.2520568138096415,2,C,0.05
530,0,-0.533306269715331,yes,Went back to the sidewalk,11,22.43376019194055,2,C,0.05
531,0,-0.5882886216612826,yes,Went back to the sidewalk,6,5.679141010216184,2,C,0.05
532,0,-0.5200037206233972,yes,Went back to the sidewalk,3,4.463414240038314,2,C,0.05
533,0,-0.9130477248322431,yes,Went back to the sidewalk,4,3.356018457141799,2,C,0.05
534,0,7.337827972445211,yes,Crossed,5,8.4300540876326,2,C,0.05
535,0,-0.915968547575574,yes,Went back to the sidewalk,9,9.990769499482319,2,C,0.05
536,0,-1.0393561896549937,yes,Went back to the sidewalk,5,2.9076497200495344,2,C,0.05
537,0,-0.5910061908957545,yes,Went back to the sidewalk,4,4.51610645431845,2,C,0.05
538,0,8.281111687303458,yes,Crossed,8,6.802956537003727,2,C,0.05
539,0,-0.5514325751630613,yes,Went back to the sidewalk,4,4.211330054219347,2,C,0.05
540,0,7.868144174055887,yes,Crossed,12,14.390652690250278,2,C,0.05
541,0,1.2105122872314655,no,dead,2,1.2792975685326358,2,C,0.05
542,0,7.414625635042887,yes,Crossed,4,5.206757979645734,2,C,0.05
543,0,-0.5003473119354507,yes,Went back to the sidewalk,13,11.69980979220106,2,C,0.05
544,0,7.908979781625412,yes,Crossed,8,8.204718829928783,2,C,0.05
545,0,8.296337490728895,yes,Crossed,12,15.133031341526012,2,C,0.05
546,0,7.902804220601581,yes,Crossed,5,6.76198947379251,2,C,0.05
547,0,7.336687505908662,yes,Crossed,5,3.114070600091728,2,C,0.05
548,0,-1.2886803189186495,yes,Went back to the sidewalk,5,3.1625665082042227,2,C,0.05
549,0,7.261396368649908,yes,Crossed,6,3.781707860246618,2,C,0.05
550,0,-0.6177419038757859,yes,Went back to the sidewalk,10,15.257081440020436,2,C,0.05
551,0,2.5147840247778026,no,dead,11,12.687499400530738,2,C,0.05
552,0,7.583535093717931,yes,Crossed,9,9.769228433160125,2,C,0.05
553,0,8.966163619385807,yes,Crossed,6,7.913456938788793,2,C,0.05
554,0,-1.6594722426519175,yes,Went back to the sidewalk,4,2.6332759724224504,2,C,0.05
555,0,7.634507512384474,yes,Crossed,10,9.48070946877818,2,C,0.05
556,0,7.277287950879594,yes,Crossed,8,6.505296349226601,2,C,0.05
557,0,6.543621990754683,no,dead,4,11.137942779330402,2,C,0.05
558,0,-0.06701375699123036,yes,Went back to the sidewalk,3,1.295294699109606,2,C,0.05
559,0,1.3627430874266906,no,dead,2,1.65728631079631,2,C,0.05
560,0,-1.071422986947659,yes,Went back to the sidewalk,9,10.19468257889884,2,C,0.05
561,0,-0.619737715309375,yes,Went back to the sidewalk,3,1.9687531480490315,2,C,0.05
562,0,7.003250927297577,yes,Crossed,5,4.164050922240233,2,C,0.05
563,0,2.626990589862196,no,dead,2,1.1668709951351306,2,C,0.05
564,0,-1.0251187709604932,yes,Went back to the sidewalk,9,6.111621529201912,2,C,0.05
565,0,-0.42454937211367105,yes,Went back to the sidewalk,5,5.593176060098402,2,C,0.05
566,0,7.2383444119331015,yes,Crossed,11,12.651164072658466,2,C,0.05
567,0,-0.5881037805072153,yes,Went back to the sidewalk,3,5.078538682122544,2,C,0.05
568,0,7.629731040485124,yes,Crossed,5,7.21063869387965,2,C,0.05
569,0,-1.2042769081948372,yes,Went back to the sidewalk,5,6.287789252196036,2,C,0.05
570,0,7.682633278838663,yes,Crossed,7,3.6096502005260778,2,C,0.05
571,0,-1.7514406459269858,yes,Went back to the sidewalk,10,10.301381382021814,2,C,0.05
572,0,-1.6295247719815995,yes,Went back to the sidewalk,5,4.329237901600526,2,C,0.05
573,0,7.39672242523887,yes,Crossed,10,13.938448871788314,2,C,0.05
574,0,-1.051446287018623,yes,Went back to the sidewalk,8,7.683150717605883,2,C,0.05
575,0,-0.0860940810457006,yes,Went back to the sidewalk,5,7.899366507493131,2,C,0.05
576,0,8.509559912023493,yes,Crossed,12,15.295193978872417,2,C,0.05
577,0,-0.14129980729855546,yes,Went back to the sidewalk,15,16.45241052291489,2,C,0.05
578,0,-1.335510966449742,yes,Went back to the sidewalk,8,10.71639956615326,2,C,0.05
579,0,5.8821318142623085,no,dead,4,2.941495225838069,2,C,0.05
580,0,8.545682291364816,yes,Crossed,6,7.414845015652339,2,C,0.05
581,0,7.445552619436458,yes,Crossed,4,1.9534777489230488,2,C,0.05
582,0,-1.4818325297742607,yes,Went back to the sidewalk,14,11.443013415036827,2,C,0.05
583,0,5.183977771754063,no,dead,4,3.9285957419746333,2,C,0.05
584,0,-1.041738809243136,yes,Went back to the sidewalk,4,2.1847909427726626,2,C,0.05
585,0,2.4665512994692165,no,dead,2,1.538903378362799,2,C,0.05
586,0,8.30954582740423,yes,Crossed,6,4.863617083185029,2,C,0.05
587,0,-0.04179663213705087,yes,Went back to the sidewalk,8,8.87780410427018,2,C,0.05
588,0,8.197820500985094,yes,Crossed,5,6.885990655291821,2,C,0.05
589,0,7.642620097567975,yes,Crossed,9,6.820433898522872,2,C,0.05
590,0,-0.3089053252168832,yes,Went back to the sidewalk,12,13.39120329555846,2,C,0.05
591,0,2.7216023299999805,no,dead,8,5.20816151218409,2,C,0.05
592,0,7.32491658017378,yes,Crossed,7,9.345882663773525,2,C,0.05
593,0,-0.09815240381995877,yes,Went back to the sidewalk,7,6.552586323142957,2,C,0.05
594,0,-1.3519824822846522,yes,Went back to the sidewalk,11,14.5008639497327,2,C,0.05
595,0,-0.5367372792716731,yes,Went back to the sidewalk,5,5.018164898363764,2,C,0.05
596,0,8.326235107764736,yes,Crossed,5,3.520371718805288,2,C,0.05
597,0,-0.23568784667018372,yes,Went back to the sidewalk,3,2.1782764430753927,2,C,0.05
598,0,8.347585406689358,yes,Crossed,9,7.7875078168905,2,C,0.05
599,0,7.839790630148881,yes,Crossed,11,12.545252838257037,2,C,0.05
600,0,-1.7405260833831409,yes,Went back to the sidewalk,5,7.643943016178609,2,C,0.05
601,0,-1.3766919832457518,yes,Went back to the sidewalk,4,4.188444980929677,2,C,0.05
602,0,8.409835383876137,yes,Crossed,5,5.511155272308437,2,C,0.05
603,0,-0.675062275925405,yes,Went back to the sidewalk,3,1.201157790352323,2,C,0.05
604,0,8.74842997549967,yes,Crossed,5,1.7186192571849885,2,C,0.05
605,0,-0.5611851713492828,yes,Went back to the sidewalk,12,11.845067969342631,2,C,0.05
606,0,7.550927796351303,yes,Crossed,7,4.8013891601572345,2,C,0.05
607,0,-0.6137261249708938,yes,Went back to the sidewalk,3,5.241133222862552,2,C,0.05
608,0,-0.8081961580551222,yes,Went back to the sidewalk,3,1.9288126785863102,2,C,0.05
609,0,7.2795668303112375,yes,Crossed,4,4.482937842532891,2,C,0.05
610,0,8.28136631617194,yes,Crossed,7,8.075700133600728,2,C,0.05
611,0,-1.8668249075948422,yes,Went back to the sidewalk,9,6.798003420417524,2,C,0.05
612,0,-0.25607345453265073,yes,Went back to the sidewalk,5,6.770255627381776,2,C,0.05
613,0,7.453620219595237,yes,Crossed,9,7.017081328492939,2,C,0.05
614,0,-0.22297420021407954,yes,Went back to the sidewalk,22,11.622208343573911,2,C,0.05
615,0,-1.8059711456714949,yes,Went back to the sidewalk,5,2.5728200967196866,2,C,0.05
616,0,-0.07968911471597218,yes,Went back to the sidewalk,10,10.443389573554963,2,C,0.05
617,0,-0.37636290062797007,yes,Went back to the sidewalk,18,16.588129806882314,2,C,0.05
618,0,-0.8950773345357479,yes,Went back to the sidewalk,6,5.161411310041052,2,C,0.05
619,0,5.805597620979123,no,dead,3,1.8239814134057948,2,C,0.05
620,0,-0.124264836256893,yes,Went back to the sidewalk,10,15.104193736851428,2,C,0.05
621,0,-0.49679648699188417,yes,Went back to the sidewalk,5,5.473519325159403,2,C,0.05
622,0,-1.6944958482001136,yes,Went back to the sidewalk,6,10.260213663320648,2,C,0.05
623,0,2.8093256580285146,no,dead,2,4.1199262904108584,2,C,0.05
624,0,-0.467484271333805,yes,Went back to the sidewalk,3,4.506724202420595,2,C,0.05
625,0,-0.06765695920568482,yes,Went back to the sidewalk,9,12.094290074158558,2,C,0.05
626,0,-1.6036980247988568,yes,Went back to the sidewalk,15,13.449473085289975,2,C,0.05
627,0,7.25309722851358,yes,Crossed,19,25.08415958005615,2,C,0.05
628,0,7.4676446999675985,yes,Crossed,5,6.541419033932135,2,C,0.05
629,0,-0.950980003793024,yes,Went back to the sidewalk,8,10.411598207239706,2,C,0.05
630,0,-0.45383802070927315,yes,Went back to the sidewalk,12,16.97020245793266,2,C,0.05
631,0,-0.6380511946128431,yes,Went back to the sidewalk,4,2.8233141361909126,2,C,0.05
632,0,7.1971465061741,yes,Crossed,5,9.90603867917709,2,C,0.05
633,0,-1.675067736585867,yes,Went back to the sidewalk,17,20.7767868394541,2,C,0.05
634,0,8.225567819051353,yes,Crossed,5,6.511513749218751,2,C,0.05
635,0,-0.5596565354368135,yes,Went back to the sidewalk,3,3.5152994576884335,2,C,0.05
636,0,-1.4809931420975313,yes,Went back to the sidewalk,6,8.364500820493577,2,C,0.05
637,0,7.247172193152889,yes,Crossed,5,4.728985070303795,2,C,0.05
638,0,8.018782152500302,yes,Crossed,5,2.954774970246389,2,C,0.05
639,0,-0.7103153134385491,yes,Went back to the sidewalk,8,6.407534291400608,2,C,0.05
640,0,7.561976340583911,yes,Crossed,4,2.9832585433408862,2,C,0.05
641,0,7.814892658209062,yes,Crossed,9,4.414563056166518,2,C,0.05
642,0,-0.4146274784001218,yes,Went back to the sidewalk,7,8.948701783576656,2,C,0.05
643,0,-1.3052482773546836,yes,Went back to the sidewalk,20,17.303651961563602,2,C,0.05
644,0,8.923549459001004,yes,Crossed,7,4.249650027467258,2,C,0.05
645,0,-1.3480474540957252,yes,Went back to the sidewalk,4,5.880916107074894,2,C,0.05
646,0,8.223932285019202,yes,Crossed,7,7.204730082263253,2,C,0.05
647,0,7.49003542056371,yes,Crossed,7,9.973650139180254,2,C,0.05
648,0,-0.22556309312540268,yes,Went back to the sidewalk,7,5.097665082434463,2,C,0.05
649,0,8.569364504596173,yes,Crossed,6,5.286444906664964,2,C,0.05
650,0,7.750103914187038,yes,Crossed,5,7.294078827680714,2,C,0.05
651,0,7.722680368963851,yes,Crossed,7,3.627643018917909,2,C,0.05
652,0,-1.7922232694574742,yes,Went back to the sidewalk,4,3.9403883269423856,2,C,0.05
653,0,-1.5412956186042994,yes,Went back to the sidewalk,6,5.434077725724844,2,C,0.05
654,0,-0.18514607726077448,yes,Went back to the sidewalk,8,6.964549873503163,2,C,0.05
655,0,-0.5471202911738511,yes,Went back to the sidewalk,5,4.4749117938125265,2,C,0.05
656,0,7.857573739580881,yes,Crossed,6,5.828410223185534,2,C,0.05
657,0,7.923963272985239,yes,Crossed,7,11.411905627537497,2,C,0.05
658,0,-0.39577899878102873,yes,Went back to the sidewalk,3,2.7540179242891067,2,C,0.05
659,0,-0.12446349587836902,yes,Went back to the sidewalk,4,7.34321632612212,2,C,0.05
660,0,-0.6244983806043022,yes,Went back to the sidewalk,5,3.0785390489478353,2,C,0.05
661,0,7.553798020109542,yes,Crossed,4,3.0656365723891223,2,C,0.05
662,0,5.507965394117898,no,dead,7,10.505769942029747,2,C,0.05
663,0,5.971120324451373,no,dead,4,3.0475187734457365,2,C,0.05
664,0,2.432879227876205,no,dead,2,1.1282181063459855,2,C,0.05
665,0,-1.86431449190167,yes,Went back to the sidewalk,5,7.904205219343338,2,C,0.05
666,0,7.594858209578841,yes,Crossed,5,4.879148415946953,2,C,0.05
667,0,-1.263897057968954,yes,Went back to the sidewalk,8,12.131000977728641,2,C,0.05
668,0,5.543711894480769,no,dead,5,5.806750837325701,2,C,0.05
669,0,-0.8078707516941201,yes,Went back to the sidewalk,3,1.3664627318668137,2,C,0.05
670,0,7.191555646616912,yes,Crossed,4,2.2962350430856384,2,C,0.05
671,0,8.933037303144548,yes,Crossed,9,5.056693730538549,2,C,0.05
672,0,8.12812707801593,yes,Crossed,12,7.667597351325568,2,C,0.05
673,0,-1.417453145098142,yes,Went back to the sidewalk,6,5.358719943483401,2,C,0.05
674,0,7.02964659264649,yes,Crossed,7,7.784073149768417,2,C,0.05
675,0,7.192855267765606,yes,Crossed,5,2.1096937659838364,2,C,0.05
676,0,-0.5030832400269855,yes,Went back to the sidewalk,8,10.705573657276744,2,C,0.05
677,0,-1.5140097638277215,yes,Went back to the sidewalk,12,9.983126641703997,2,C,0.05
678,0,8.513332717232524,yes,Crossed,6,7.077010206687256,2,C,0.05
679,0,7.895911179125219,yes,Crossed,6,5.107114095564075,2,C,0.05
680,0,-0.3135329888757269,yes,Went back to the sidewalk,5,11.113841514110348,2,C,0.05
681,0,-1.4482586395949482,yes,Went back to the sidewalk,9,9.441296128163387,2,C,0.05
682,0,7.039435783178135,yes,Crossed,6,5.439523885190482,2,C,0.05
683,0,7.029271702520909,yes,Crossed,4,4.176767063925716,2,C,0.05
684,0,2.257937347767643,no,dead,2,1.2856886170853472,2,C,0.05
685,0,-1.3955928604273218,yes,Went back to the sidewalk,6,5.719844568744198,2,C,0.05
686,0,-0.4347898216507893,yes,Went back to the sidewalk,7,8.471277601952648,2,C,0.05
687,0,8.70797368932875,yes,Crossed,6,3.4170507382890714,2,C,0.05
688,0,-1.6207897207366904,yes,Went back to the sidewalk,4,4.090612542485227,2,C,0.05
689,0,7.2334371790713865,yes,Crossed,9,7.562724481313567,2,C,0.05
690,0,8.769165005503769,yes,Crossed,5,3.3350196410262662,2,C,0.05
691,0,-0.7060176540895731,yes,Went back to the sidewalk,5,2.878513780771417,2,C,0.05
692,0,-0.22021036767203417,yes,Went back to the sidewalk,6,5.968528855149662,2,C,0.05
693,0,7.882813898463962,yes,Crossed,9,7.809507673638774,2,C,0.05
694,0,8.263501504800336,yes,Crossed,5,5.671210800488201,2,C,0.05
695,0,7.6858447876615985,yes,Crossed,5,3.6296897131254915,2,C,0.05
696,0,-1.636416980349005,yes,Went back to the sidewalk,21,25.531616193361234,2,C,0.05
697,0,7.6439683841850865,yes,Crossed,8,7.66958207533291,2,C,0.05
698,0,-0.1903102372358445,yes,Went back to the sidewalk,9,8.190689672118571,2,C,0.05
699,0,7.487990838062058,yes,Crossed,5,4.4722063588295855,2,C,0.05
700,0,-0.11265460787242976,yes,Went back to the sidewalk,3,5.708014883166264,2,C,0.05
701,0,8.262815811587537,yes,Crossed,8,4.426072309385515,2,C,0.05
702,0,7.190257791245315,yes,Crossed,4,2.919174205159899,2,C,0.05
703,0,7.353133108520515,yes,Crossed,5,5.117633210303529,2,C,0.05
704,0,-0.3120753383582028,yes,Went back to the sidewalk,10,6.10919454800341,2,C,0.05
705,0,8.406860402673933,yes,Crossed,5,6.917030859374469,2,C,0.05
706,0,-1.0268838079994431,yes,Went back to the sidewalk,11,12.211528697026166,2,C,0.05
707,0,7.116187867567435,yes,Crossed,6,5.4081356391417,2,C,0.05
708,0,8.310737663663513,yes,Crossed,6,6.63876500450462,2,C,0.05
709,0,7.219732478141475,yes,Crossed,7,5.621297869421596,2,C,0.05
710,0,-0.3277917503873715,yes,Went back to the sidewalk,5,5.156616120110557,2,C,0.05
711,0,8.714314180121095,yes,Crossed,5,7.373705578453341,2,C,0.05
712,0,-0.6208077742961073,yes,Went back to the sidewalk,3,5.033211193785728,2,C,0.05
713,0,7.556498300482073,yes,Crossed,4,4.86443136054637,2,C,0.05
714,0,7.478576529692241,yes,Crossed,5,2.7658681111934964,2,C,0.05
715,0,-0.6716766397842204,yes,Went back to the sidewalk,6,3.701589169156298,2,C,0.05
716,0,-0.10693910409093133,yes,Went back to the sidewalk,8,7.3954301616229134,2,C,0.05
717,0,-1.5786861794758875,yes,Went back to the sidewalk,7,7.815243676368668,2,C,0.05
718,0,-0.7440483747884803,yes,Went back to the sidewalk,8,7.42649824614348,2,C,0.05
719,0,-0.11758791367616084,yes,Went back to the sidewalk,5,5.298658823061279,2,C,0.05
720,0,8.667670771326062,yes,Crossed,5,2.7599243982165387,2,C,0.05
721,0,-0.08200676437978194,yes,Went back to the sidewalk,15,15.07290532838084,2,C,0.05
722,0,-1.2948051890303716,yes,Went back to the sidewalk,12,10.012856454914266,2,C,0.05
723,0,-1.6659249168607793,yes,Went back to the sidewalk,10,10.696397636973007,2,C,0.05
724,0,8.133719301663021,yes,Crossed,5,3.5873514073558015,2,C,0.05
725,0,7.508126378957098,yes,Crossed,17,14.403288245165477,2,C,0.05
726,0,-0.095276328599182,yes,Went back to the sidewalk,10,9.003411796205226,2,C,0.05
727,0,7.00182365921038,yes,Crossed,4,3.249996554950352,2,C,0.05
728,0,1.3377611518383759,no,dead,4,1.6993832737161387,2,C,0.05
729,0,7.848262010497266,yes,Crossed,5,5.043912396346381,2,C,0.05
730,0,-1.283930276938121,yes,Went back to the sidewalk,6,4.774609320468512,2,C,0.05
731,0,5.642769942367437,no,dead,12,11.713260725111244,2,C,0.05
732,0,-0.3349591439708701,yes,Went back to the sidewalk,6,7.573200227913983,2,C,0.05
733,0,7.815961081922817,yes,Crossed,6,11.382671423399698,2,C,0.05
734,0,-0.0949211460527476,yes,Went back to the sidewalk,4,3.1606315420649205,2,C,0.05
735,0,-1.070322361575469,yes,Went back to the sidewalk,9,8.993775532112023,2,C,0.05
736,0,-1.0306607500448088,yes,Went back to the sidewalk,10,12.529901517300013,2,C,0.05
737,0,8.52305272357321,yes,Crossed,5,2.8650328854503213,2,C,0.05
738,0,7.415078580772431,yes,Crossed,9,6.6193233452971505,2,C,0.05
739,0,-0.4336285111946654,yes,Went back to the sidewalk,9,6.980561817050413,2,C,0.05
740,0,8.430205807069296,yes,Crossed,13,16.01834466771689,2,C,0.05
741,0,2.1425288458004386,no,dead,5,5.725667326619297,2,C,0.05
742,0,-0.6307189107085871,yes,Went back to the sidewalk,5,4.808926766194384,2,C,0.05
743,0,-1.5185033086071775,yes,Went back to the sidewalk,4,5.8907089056913335,2,C,0.05
744,0,-0.21453066959231704,yes,Went back to the sidewalk,5,5.607017333896401,2,C,0.05
745,0,-0.9733495011341644,yes,Went back to the sidewalk,9,5.238301703555648,2,C,0.05
746,0,-0.18064641197313458,yes,Went back to the sidewalk,11,8.983557830198833,2,C,0.05
747,0,-0.5676273057273313,yes,Went back to the sidewalk,6,4.185006296528102,2,C,0.05
748,0,7.026307440841891,yes,Crossed,5,2.201734016759823,2,C,0.05
749,0,7.89273173194956,yes,Crossed,8,9.172772855768242,2,C,0.05
750,0,-0.8093732029980183,yes,Went back to the sidewalk,4,3.4963376250990224,2,C,0.05
751,0,8.70405388781516,yes,Crossed,13,13.464978398302346,2,C,0.05
752,0,-0.4069339187172417,yes,Went back to the sidewalk,4,3.8192663389659414,2,C,0.05
753,0,8.064603663432289,yes,Crossed,5,2.6647800936530266,2,C,0.05
754,0,-0.08317093537498105,yes,Went back to the sidewalk,7,7.636526828515107,2,C,0.05
755,0,8.105505499073846,yes,Crossed,6,7.8832607662429695,2,C,0.05
756,0,7.205574395845184,yes,Crossed,6,2.2381051922867345,2,C,0.05
757,0,7.861349680767308,yes,Crossed,5,6.656243861849318,2,C,0.05
758,0,8.036211233783646,yes,Crossed,7,8.472663699318243,2,C,0.05
759,0,-1.2570634293347442,yes,Went back to the sidewalk,28,33.03036630890078,2,C,0.05
760,0,8.340220754115332,yes,Crossed,6,8.912797662100365,2,C,0.05
761,0,8.935551622968703,yes,Crossed,11,12.425419229573865,2,C,0.05
762,0,-0.012440490366793844,yes,Went back to the sidewalk,8,4.393970334741094,2,C,0.05
763,0,-1.5011553520107621,yes,Went back to the sidewalk,4,2.0289489980599527,2,C,0.05
764,0,-0.8208708767751729,yes,Went back to the sidewalk,12,13.248729971927416,2,C,0.05
765,0,-0.9506843113905523,yes,Went back to the sidewalk,14,16.57486601869045,2,C,0.05
766,0,-0.20415022790277515,yes,Went back to the sidewalk,4,4.231559536365393,2,C,0.05
767,0,8.146801454140315,yes,Crossed,23,14.306867288200921,2,C,0.05
768,0,8.314949812812483,yes,Crossed,5,5.3599588427019595,2,C,0.05
769,0,-0.34880236304602086,yes,Went back to the sidewalk,7,9.141449102962385,2,C,0.05
770,0,8.175149075209191,yes,Crossed,5,4.451961068920627,2,C,0.05
771,0,8.128146563694832,yes,Crossed,7,4.061469945469443,2,C,0.05
772,0,7.024914495659461,yes,Crossed,4,5.727673085196528,2,C,0.05
773,0,7.979266621422216,yes,Crossed,6,7.565227510167131,2,C,0.05
774,0,-1.1194166110818742,yes,Went back to the sidewalk,5,5.71188906311537,2,C,0.05
775,0,8.491287846699612,yes,Crossed,9,11.457201608406997,2,C,0.05
776,0,-0.3578096260126866,yes,Went back to the sidewalk,3,1.547435625015887,2,C,0.05
777,0,-0.03308104369505127,yes,Went back to the sidewalk,6,8.76087467320666,2,C,0.05
778,0,7.987777486958111,yes,Crossed,5,4.715392713815747,2,C,0.05
779,0,-0.46317476520043166,yes,Went back to the sidewalk,7,2.5999613864547912,2,C,0.05
780,0,8.319674647740865,yes,Crossed,5,6.303988441413987,2,C,0.05
781,0,-0.7629617892631781,yes,Went back to the sidewalk,4,3.5427542982136186,2,C,0.05
782,0,-1.3609606064389272,yes,Went back to the sidewalk,4,3.203896718442505,2,C,0.05
783,0,-1.265243725984316,yes,Went back to the sidewalk,5,3.555635039192186,2,C,0.05
784,0,2.6256645597566823,no,dead,2,2.0211089357012484,2,C,0.05
785,0,-0.0665529110690879,yes,Went back to the sidewalk,12,12.35752459917568,2,C,0.05
786,0,-0.7557590939037477,yes,Went back to the sidewalk,3,3.38308932898806,2,C,0.05
787,0,5.767306574428222,no,dead,5,4.205173950089138,2,C,0.05
788,0,7.500811195271724,yes,Crossed,19,20.363052840107045,2,C,0.05
789,0,-0.24638860848545296,yes,Went back to the sidewalk,3,4.151148065309932,2,C,0.05
790,0,7.477047380807685,yes,Crossed,4,3.8067332892287347,2,C,0.05
791,0,-0.48619129541709305,yes,Went back to the sidewalk,3,3.0516105664280895,2,C,0.05
792,0,-0.2190064809560759,yes,Went back to the sidewalk,5,4.764473335606069,2,C,0.05
793,0,-1.17004971444515,yes,Went back to the sidewalk,6,4.310790760827444,2,C,0.05
794,0,7.549647149291482,yes,Crossed,4,4.054585831385217,2,C,0.05
795,0,-0.44518203615186813,yes,Went back to the sidewalk,3,2.7161719415245793,2,C,0.05
796,0,7.329674021245669,yes,Crossed,8,7.100789266061857,2,C,0.05
797,0,-0.8338780295830328,yes,Went back to the sidewalk,8,6.986951671803731,2,C,0.05
798,0,8.16044218227819,yes,Crossed,5,3.960493614650179,2,C,0.05
799,0,-0.666121298595402,yes,Went back to the sidewalk,6,6.133496267102791,2,C,0.05
800,0,-0.5947641713138936,yes,Went back to the sidewalk,5,4.997399210310067,2,C,0.05
801,0,-0.816245456260398,yes,Went back to the sidewalk,5,3.9141395629698343,2,C,0.05
802,0,-0.07442558373572106,yes,Went back to the sidewalk,3,2.566389143242505,2,C,0.05
803,0,7.813357118750951,yes,Crossed,6,7.912332135396989,2,C,0.05
804,0,-0.612612917131824,yes,Went back to the sidewalk,3,2.910430242272427,2,C,0.05
805,0,7.540464230596517,yes,Crossed,4,3.442729123673237,2,C,0.05
806,0,-0.5684208437954248,yes,Went back to the sidewalk,9,10.759097265185314,2,C,0.05
807,0,7.536057860300742,yes,Crossed,16,19.164571715866433,2,C,0.05
808,0,-0.9597318034091138,yes,Went back to the sidewalk,16,15.310194042702854,2,C,0.05
809,0,7.237439565193225,yes,Crossed,4,4.06103720776137,2,C,0.05
810,0,-0.3747104951236717,yes,Went back to the sidewalk,8,9.20889563126352,2,C,0.05
811,0,2.3777963714682766,no,dead,7,11.386185524489585,2,C,0.05
812,0,7.4165327042562765,yes,Crossed,5,3.605889263919536,2,C,0.05
813,0,7.437884028393749,yes,Crossed,4,2.2481569040931886,2,C,0.05
814,0,7.553959358234801,yes,Crossed,4,5.822444350364048,2,C,0.05
815,0,-0.41530773077709005,yes,Went back to the sidewalk,8,11.075902491281123,2,C,0.05
816,0,7.1822829982815195,yes,Crossed,7,8.171408805616402,2,C,0.05
817,0,7.139656719506197,yes,Crossed,4,5.503595881552359,2,C,0.05
818,0,-0.32987131271688175,yes,Went back to the sidewalk,4,5.62857653163576,2,C,0.05
819,0,-0.4810351583227832,yes,Went back to the sidewalk,11,11.242102779222828,2,C,0.05
820,0,7.82709654414224,yes,Crossed,11,19.602399531604572,2,C,0.05
821,0,7.766652450262927,yes,Crossed,4,2.8114831243502767,2,C,0.05
822,0,7.830742458631114,yes,Crossed,6,6.4511931883483395,2,C,0.05
823,0,-1.3930596299070936,yes,Went back to the sidewalk,5,3.141308050772454,2,C,0.05
824,0,7.820292193435791,yes,Crossed,13,10.430713679493062,2,C,0.05
825,0,-0.7251179001299091,yes,Went back to the sidewalk,11,9.708675278883453,2,C,0.05
826,0,7.844327199906942,yes,Crossed,5,2.8864104897184273,2,C,0.05
827,0,7.3049982036442,yes,Crossed,6,3.30610658852291,2,C,0.05
828,0,-0.7021620525672878,yes,Went back to the sidewalk,13,15.107563177583664,2,C,0.05
829,0,8.372697774493703,yes,Crossed,5,4.738410527731204,2,C,0.05
830,0,-0.5200691820437511,yes,Went back to the sidewalk,4,4.175075362018688,2,C,0.05
831,0,-1.3282877921492922,yes,Went back to the sidewalk,5,4.018631191407493,2,C,0.05
832,0,8.377096968264059,yes,Crossed,6,4.198792458233544,2,C,0.05
833,0,7.616095532522205,yes,Crossed,5,2.1785363432569316,2,C,0.05
834,0,7.28711680434773,yes,Crossed,6,9.142106245650469,2,C,0.05
835,0,7.035032318414392,yes,Crossed,9,14.742971939348411,2,C,0.05
836,0,-0.8087346418522919,yes,Went back to the sidewalk,4,1.6010950584449302,2,C,0.05
837,0,-0.2868361684830165,yes,Went back to the sidewalk,3,3.1896079214873296,2,C,0.05
838,0,7.796851833553282,yes,Crossed,5,7.762005883152874,2,C,0.05
839,0,7.649813508819194,yes,Crossed,5,5.332890555985744,2,C,0.05
840,0,-0.5604074367235607,yes,Went back to the sidewalk,4,2.5517000214904493,2,C,0.05
841,0,8.189685622215514,yes,Crossed,14,15.778849240868395,2,C,0.05
842,0,7.862316399697626,yes,Crossed,10,6.443329956500082,2,C,0.05
843,0,-0.7565734968353701,yes,Went back to the sidewalk,12,10.716719608228136,2,C,0.05
844,0,-0.17430107464348588,yes,Went back to the sidewalk,3,1.8664900501381894,2,C,0.05
845,0,-1.674450056261618,yes,Went back to the sidewalk,8,6.798337810301846,2,C,0.05
846,0,8.623214347419855,yes,Crossed,10,8.634369975279807,2,C,0.05
847,0,7.844646634853865,yes,Crossed,9,9.272230020767045,2,C,0.05
848,0,8.364412766266508,yes,Crossed,6,4.0812501052986,2,C,0.05
849,0,7.276760562084108,yes,Crossed,4,2.7006229500146444,2,C,0.05
850,0,7.77889874421528,yes,Crossed,8,10.16287754680245,2,C,0.05
851,0,7.597464409504029,yes,Crossed,12,13.903917842087257,2,C,0.05
852,0,7.298208560978908,yes,Crossed,10,5.7565067113102,2,C,0.05
853,0,-1.2875636886764512,yes,Went back to the sidewalk,11,8.393866073335204,2,C,0.05
854,0,7.72483829562131,yes,Crossed,26,30.04364678975049,2,C,0.05
855,0,-1.4440636562588418,yes,Went back to the sidewalk,5,4.732170974914851,2,C,0.05
856,0,7.8133869051124,yes,Crossed,4,2.6939978330622756,2,C,0.05
857,0,-0.8893257025545458,yes,Went back to the sidewalk,7,8.813616005240455,2,C,0.05
858,0,-1.179296779784547,yes,Went back to the sidewalk,11,8.61753057806733,2,C,0.05
859,0,-0.6599781505547322,yes,Went back to the sidewalk,17,15.451724108010655,2,C,0.05
860,0,7.142183933356453,yes,Crossed,4,6.46087903276877,2,C,0.05
861,0,7.945906505211566,yes,Crossed,6,5.3004389696436265,2,C,0.05
862,0,6.785364512381843,no,dead,6,4.191398894575152,2,C,0.05
863,0,5.43364704214037,no,dead,13,14.148728417606163,2,C,0.05
864,0,1.0135935555689608,no,dead,5,2.292921608362178,2,C,0.05
865,0,7.419980007467559,yes,Crossed,11,8.343655981495806,2,C,0.05
866,0,5.53404599027777,no,dead,6,6.314889006983819,2,C,0.05
867,0,7.497685941944848,yes,Crossed,5,5.837339813233298,2,C,0.05
868,0,-0.41504834132987534,yes,Went back to the sidewalk,4,2.1202846116537097,2,C,0.05
869,0,7.270565004546399,yes,Crossed,5,5.003820403001178,2,C,0.05
870,0,-1.2330792475728283,yes,Went back to the sidewalk,4,2.0235611705612038,2,C,0.05
871,0,7.668669910569676,yes,Crossed,4,1.6697792197041297,2,C,0.05
872,0,2.972549809395729,no,dead,3,1.5303501661599719,2,C,0.05
873,0,-1.1399000076409505,yes,Went back to the sidewalk,4,3.3179585300461314,2,C,0.05
874,0,1.2119540482304054,no,dead,7,8.743247020340169,2,C,0.05
875,0,5.135641675308608,no,dead,7,10.03683282767553,2,C,0.05
876,0,8.184379536219613,yes,Crossed,8,8.41781188569513,2,C,0.05
877,0,-0.6816881237792274,yes,Went back to the sidewalk,7,4.576205015519456,2,C,0.05
878,0,-0.5051434278603124,yes,Went back to the sidewalk,6,5.421755011170342,2,C,0.05
879,0,-0.18238894341211997,yes,Went back to the sidewalk,3,5.880364332519916,2,C,0.05
880,0,6.109177266764184,no,dead,9,12.350800948364578,2,C,0.05
881,0,-0.29270665733987644,yes,Went back to the sidewalk,6,6.676664193170416,2,C,0.05
882,0,-0.18263791255402162,yes,Went back to the sidewalk,3,2.6766954257334405,2,C,0.05
883,0,1.821168378921063,no,dead,2,2.2880924273845933,2,C,0.05
884,0,7.098417620520581,yes,Crossed,8,4.282302850269291,2,C,0.05
885,0,-0.8531262179979442,yes,Went back to the sidewalk,3,2.8768450789640694,2,C,0.05
886,0,-0.15237882390127733,yes,Went back to the sidewalk,3,3.6951588755723,2,C,0.05
887,0,8.332256297256704,yes,Crossed,5,5.500780815813053,2,C,0.05
888,0,-0.6702023022284087,yes,Went back to the sidewalk,15,21.03567028127798,2,C,0.05
889,0,7.7785666669592155,yes,Crossed,5,3.560776523292823,2,C,0.05
890,0,-1.9067015692861145,yes,Went back to the sidewalk,6,8.72750689020697,2,C,0.05
891,0,7.686329648752157,yes,Crossed,6,5.265828791695357,2,C,0.05
892,0,8.710108742252904,yes,Crossed,10,11.65898147138767,2,C,0.05
893,0,8.13611958692688,yes,Crossed,6,4.101443207780385,2,C,0.05
894,0,-0.503428944080857,yes,Went back to the sidewalk,10,8.047531935195995,2,C,0.05
895,0,7.540040137273535,yes,Crossed,4,5.767872626724071,2,C,0.05
896,0,-0.752081643407803,yes,Went back to the sidewalk,4,3.2709323376224066,2,C,0.05
897,0,2.5061652050380347,no,dead,2,2.255517540810832,2,C,0.05
898,0,7.2210687690447015,yes,Crossed,6,8.81371866172783,2,C,0.05
899,0,8.624693324515635,yes,Crossed,5,4.4428546680237435,2,C,0.05
900,0,-0.14357212593088908,yes,Went back to the sidewalk,5,4.458880878912884,2,C,0.05
901,0,-0.2875651759318567,yes,Went back to the sidewalk,3,2.9211153322760253,2,C,0.05
902,0,7.3539717899449375,yes,Crossed,7,5.444380153139371,2,C,0.05
903,0,7.104651190232171,yes,Crossed,11,10.078088493272935,2,C,0.05
904,0,-1.0434497404912713,yes,Went back to the sidewalk,13,13.077898578445065,2,C,0.05
905,0,-0.26651319305118126,yes,Went back to the sidewalk,5,3.7981127328622706,2,C,0.05
906,0,2.7000877915783827,no,dead,2,1.7913924043232714,2,C,0.05
907,0,8.346232799022548,yes,Crossed,6,8.86077574266952,2,C,0.05
908,0,7.647728402638958,yes,Crossed,7,4.236663034502529,2,C,0.05
909,0,2.0639625291038843,no,dead,9,5.799774582152153,2,C,0.05
910,0,-0.45078356614094206,yes,Went back to the sidewalk,4,2.974185988455062,2,C,0.05
911,0,7.310088314029259,yes,Crossed,9,6.705365437333537,2,C,0.05
912,0,8.071632345393594,yes,Crossed,5,3.567304551506969,2,C,0.05
913,0,7.827225971499685,yes,Crossed,5,7.878483641656435,2,C,0.05
914,0,-0.5996055547110866,yes,Went back to the sidewalk,6,3.3043456981708497,2,C,0.05
915,0,-1.505764816274005,yes,Went back to the sidewalk,4,4.096487164489734,2,C,0.05
916,0,7.5755261093556765,yes,Crossed,8,6.792553255818669,2,C,0.05
917,0,-0.709012425612499,yes,Went back to the sidewalk,3,2.193962413688429,2,C,0.05
918,0,-0.18208225174638493,yes,Went back to the sidewalk,3,1.5460855826861613,2,C,0.05
919,0,-0.25751518744100177,yes,Went back to the sidewalk,14,11.99261918779906,2,C,0.05
920,0,8.229221668111645,yes,Crossed,6,4.482241940286655,2,C,0.05
921,0,-1.0001017266962626,yes,Went back to the sidewalk,14,13.548064515106205,2,C,0.05
922,0,-0.6516812022444259,yes,Went back to the sidewalk,9,11.554126516303965,2,C,0.05
923,0,6.746723359430647,no,dead,6,7.5043792819083395,2,C,0.05
924,0,7.922622891551435,yes,Crossed,11,15.711230620811893,2,C,0.05
925,0,7.87556686567659,yes,Crossed,5,7.938398577522701,2,C,0.05
926,0,1.0881944236240042,no,dead,13,13.14637081984764,2,C,0.05
927,0,8.199307156336507,yes,Crossed,8,6.161742813812646,2,C,0.05
928,0,8.476614502588234,yes,Crossed,6,5.668985329351026,2,C,0.05
929,0,7.764193810588996,yes,Crossed,5,5.597479327748917,2,C,0.05
930,0,-0.7715003256028381,yes,Went back to the sidewalk,4,2.0468962873521566,2,C,0.05
931,0,-0.4810957571975156,yes,Went back to the sidewalk,3,3.2290832617567458,2,C,0.05
932,0,7.279796537131127,yes,Crossed,21,24.018698319873053,2,C,0.05
933,0,7.108748739589784,yes,Crossed,6,3.719017663851417,2,C,0.05
934,0,7.270910947933354,yes,Crossed,4,2.599632395795489,2,C,0.05
935,0,8.005953345262972,yes,Crossed,6,7.899794976763644,2,C,0.05
936,0,-0.014160679410483601,yes,Went back to the sidewalk,11,13.358079416289948,2,C,0.05
937,0,8.003396606634194,yes,Crossed,5,5.548108543189234,2,C,0.05
938,0,7.584946225028668,yes,Crossed,6,7.629230780382131,2,C,0.05
939,0,-0.7714667686352121,yes,Went back to the sidewalk,3,5.64049619599506,2,C,0.05
940,0,8.827026318337008,yes,Crossed,5,2.9295437946637106,2,C,0.05
941,0,8.810235844554098,yes,Crossed,13,15.263312709163987,2,C,0.05
942,0,-1.3151301578949086,yes,Went back to the sidewalk,9,9.207733730792,2,C,0.05
943,0,7.057410616698634,yes,Crossed,15,18.662071373607276,2,C,0.05
944,0,7.6990284827357,yes,Crossed,16,16.610392924824783,2,C,0.05
945,0,-0.18348391770265615,yes,Went back to the sidewalk,3,1.1805820955057225,2,C,0.05
946,0,-1.4790236407422737,yes,Went back to the sidewalk,6,12.675447673778713,2,C,0.05
947,0,-1.1699956325499863,yes,Went back to the sidewalk,8,7.994798334353871,2,C,0.05
948,0,-1.1248472372659408,yes,Went back to the sidewalk,26,43.739146678867975,2,C,0.05
949,0,7.7893254208651195,yes,Crossed,5,2.9762306134946996,2,C,0.05
950,0,-0.8027335699642459,yes,Went back to the sidewalk,5,4.140280153185234,2,C,0.05
951,0,7.734080914018783,yes,Crossed,6,7.917963082906066,2,C,0.05
952,0,6.993474738479469,no,dead,4,3.2833452405993904,2,C,0.05
953,0,8.158350184260398,yes,Crossed,12,14.205565624166855,2,C,0.05
954,0,1.7746315135066077,no,dead,4,2.9911059014594334,2,C,0.05
955,0,7.544803784435793,yes,Crossed,6,12.71140429273995,2,C,0.05
956,0,-0.5723395852341251,yes,Went back to the sidewalk,3,2.52847050720358,2,C,0.05
957,0,-0.8934187537483592,yes,Went back to the sidewalk,4,2.991168737871474,2,C,0.05
958,0,-0.32650728821414243,yes,Went back to the sidewalk,5,4.315444653154056,2,C,0.05
959,0,-0.37739338306929726,yes,Went back to the sidewalk,12,6.882614641090035,2,C,0.05
960,0,-1.7256905180417985,yes,Went back to the sidewalk,4,3.790904016914989,2,C,0.05
961,0,-0.5168390202262096,yes,Went back to the sidewalk,6,6.256102574775532,2,C,0.05
962,0,7.672322629882615,yes,Crossed,8,12.490711740974573,2,C,0.05
963,0,7.580553016370678,yes,Crossed,7,6.365870886594506,2,C,0.05
964,0,7.037569399320975,yes,Crossed,4,2.8491192104362413,2,C,0.05
965,0,7.044482548248424,yes,Crossed,5,3.016064520753741,2,C,0.05
966,0,8.229903694960456,yes,Crossed,6,5.639511446008522,2,C,0.05
967,0,7.987668817266863,yes,Crossed,6,6.050171562909093,2,C,0.05
968,0,7.309632652505507,yes,Crossed,12,11.266017477199247,2,C,0.05
969,0,-0.27802123402130974,yes,Went back to the sidewalk,4,9.003185081517955,2,C,0.05
970,0,5.485377643140556,no,dead,3,2.1639213287075454,2,C,0.05
971,0,-0.33634850123148885,yes,Went back to the sidewalk,7,7.409294860075419,2,C,0.05
972,0,-0.2127944904676662,yes,Went back to the sidewalk,22,22.456799873903577,2,C,0.05
973,0,7.478970530773521,yes,Crossed,11,9.22348991755478,2,C,0.05
974,0,-0.47465245131041,yes,Went back to the sidewalk,5,2.7638844644003453,2,C,0.05
975,0,-0.23192206809782534,yes,Went back to the sidewalk,4,2.9390894472224716,2,C,0.05
976,0,7.677140126461951,yes,Crossed,8,8.324177043403001,2,C,0.05
977,0,8.705004159291756,yes,Crossed,7,6.802724789275452,2,C,0.05
978,0,7.284099674959244,yes,Crossed,6,5.317078450656494,2,C,0.05
979,0,8.223337519545995,yes,Crossed,10,8.209396973112083,2,C,0.05
980,0,-0.8849409037787825,yes,Went back to the sidewalk,6,3.4568664673044776,2,C,0.05
981,0,5.447045584030045,no,dead,3,3.9695198671607104,2,C,0.05
982,0,7.931414296046391,yes,Crossed,6,6.562134891042837,2,C,0.05
983,0,6.10474226508407,no,dead,17,19.952281690972523,2,C,0.05
984,0,-0.15557364114532657,yes,Went back to the sidewalk,4,5.259005036370819,2,C,0.05
985,0,5.210549926766546,no,dead,8,4.777034551682487,2,C,0.05
986,0,1.9682363430695933,no,dead,2,2.4287631836788934,2,C,0.05
987,0,-0.21791483534091416,yes,Went back to the sidewalk,10,8.47454060453548,2,C,0.05
988,0,-0.003613637781320289,yes,Went back to the sidewalk,3,4.45821465158853,2,C,0.05
989,0,8.281684197195469,yes,Crossed,5,3.9886828646146277,2,C,0.05
990,0,7.628212652114403,yes,Crossed,13,12.504119125340681,2,C,0.05
991,0,7.597399997123822,yes,Crossed,5,6.207839731221136,2,C,0.05
992,0,-1.7314304437551722,yes,Went back to the sidewalk,4,3.011104010159742,2,C,0.05
993,0,-1.3370671275136137,yes,Went back to the sidewalk,4,2.23597012482503,2,C,0.05
994,0,7.899404600992531,yes,Crossed,9,9.903578075617226,2,C,0.05
995,0,8.22135558491178,yes,Crossed,7,8.315849661990848,2,C,0.05
996,0,1.9630043119615648,no,dead,7,6.202443207054283,2,C,0.05
997,0,7.2654009893111455,yes,Crossed,8,5.073591749977262,2,C,0.05
998,0,-0.5570741439875704,yes,Went back to the sidewalk,3,2.8727610783589066,2,C,0.05
999,0,2.971698171487488,no,dead,10,10.835242202381291,2,C,0.05
